"count","date_added","code","description"
1,2017-11-01,asian-month-2017-az,Wikipedia Asian Month 2017 Azerbaijani edition
7,2017-11-01,asian-month-2017-ba,Wikipedia Asian Month 2017 Bashkir edition
1,2017-11-01,asian-month-2017-be,Wikipedia Asian Month 2017 Belarusian edition
2,2017-11-01,asian-month-2017-bg,Wikipedia Asian Month 2017 Bulgarian edition
2,2017-11-01,asian-month-2017-bn,Wikipedia Asian Month 2017 Bengali edition
8,2017-11-01,asian-month-2017-de,Wikipedia Asian Month 2017 German edition
20,2017-11-01,asian-month-2017-en,Wikipedia Asian Month 2017 English edition
9,2017-11-01,asian-month-2017-id,Wikipedia Asian Month 2017 Indonesian edition
2,2017-11-01,asian-month-2017-mai,Wikipedia Asian Month 2017 Maithili edition
4,2017-11-01,asian-month-2017-ml,Wikipedia Asian Month 2017 Malayalam edition
2,2017-11-01,asian-month-2017-or,Wikipedia Asian Month 2017 Odia edition
1,2017-11-01,asian-month-2017-pa,Wikivoyage Asian Month 2017 Punjabi edition
9,2017-11-01,asian-month-2017-pt,Wikipedia Asian Month 2017 Portugese edition
7,2017-11-01,asian-month-2017-ru,Wikipedia Asian Month 2017 Russian edition
54,2017-11-01,asian-month-2017-si,Wikipedia Asian Month 2017 Sinhalese edition
1,2017-11-01,asian-month-2017-sq,Wikipedia Asian Month 2017 Albanian edition
8,2017-11-01,asian-month-2017-sv,Wikipedia Asian Month 2017 Swedish edition
34,2017-11-01,asian-month-2017-vi,Wikipedia Asian Month 2017 Vietnamese edition
6,2017-11-01,asian-month-2017-zh,Wikipedia Asian Month 2017 Chinese edition
5,2017-11-02,asian-month-2017-az,Wikipedia Asian Month 2017 Azerbaijani edition
6,2017-11-02,asian-month-2017-ba,Wikipedia Asian Month 2017 Bashkir edition
1,2017-11-02,asian-month-2017-bg,Wikipedia Asian Month 2017 Bulgarian edition
11,2017-11-02,asian-month-2017-bn,Wikipedia Asian Month 2017 Bengali edition
6,2017-11-02,asian-month-2017-de,Wikipedia Asian Month 2017 German edition
19,2017-11-02,asian-month-2017-en,Wikipedia Asian Month 2017 English edition
8,2017-11-02,asian-month-2017-id,Wikipedia Asian Month 2017 Indonesian edition
2,2017-11-02,asian-month-2017-ja,Wikipedia Asian Month 2017 Japanese edition
1,2017-11-02,asian-month-2017-ka,Wikipedia Asian Month 2017 Georgian edition
5,2017-11-02,asian-month-2017-mai,Wikipedia Asian Month 2017 Maithili edition
3,2017-11-02,asian-month-2017-min,Wikipedia Asian Month 2017 Minangkabau edition
5,2017-11-02,asian-month-2017-ml,Wikipedia Asian Month 2017 Malayalam edition
1,2017-11-02,asian-month-2017-mr,Wikipedia Asian Month 2017 Marathi edition
3,2017-11-02,asian-month-2017-ne,Wikipedia Asian Month 2017 Nepali edition
4,2017-11-02,asian-month-2017-or,Wikipedia Asian Month 2017 Odia edition
1,2017-11-02,asian-month-2017-pa,Wikivoyage Asian Month 2017 Punjabi edition
3,2017-11-02,asian-month-2017-pt,Wikipedia Asian Month 2017 Portugese edition
9,2017-11-02,asian-month-2017-ru,Wikipedia Asian Month 2017 Russian edition
2,2017-11-02,asian-month-2017-ru-thai,Wikipedia Asian Month 2017 Russian edition. Russia-Thailand subcontest
18,2017-11-02,asian-month-2017-si,Wikipedia Asian Month 2017 Sinhalese edition
2,2017-11-02,asian-month-2017-sv,Wikipedia Asian Month 2017 Swedish edition
2,2017-11-02,asian-month-2017-te,Wikipedia Asian Month 2017 Telugu edition
3,2017-11-02,asian-month-2017-th,Wikipedia Asian Month 2017 Thai edition
3,2017-11-02,asian-month-2017-uk,Wikipedia Asian Month 2017 Ukrainian edition
28,2017-11-02,asian-month-2017-vi,Wikipedia Asian Month 2017 Vietnamese edition
4,2017-11-02,asian-month-2017-zh,Wikipedia Asian Month 2017 Chinese edition
1,2017-11-03,asian-month-2017-az,Wikipedia Asian Month 2017 Azerbaijani edition
1,2017-11-03,asian-month-2017-ba,Wikipedia Asian Month 2017 Bashkir edition
1,2017-11-03,asian-month-2017-bg,Wikipedia Asian Month 2017 Bulgarian edition
12,2017-11-03,asian-month-2017-bn,Wikipedia Asian Month 2017 Bengali edition
4,2017-11-03,asian-month-2017-de,Wikipedia Asian Month 2017 German edition
19,2017-11-03,asian-month-2017-en,Wikipedia Asian Month 2017 English edition
1,2017-11-03,asian-month-2017-he,Wikipedia Asian Month 2017 Hebrew edition
7,2017-11-03,asian-month-2017-id,Wikipedia Asian Month 2017 Indonesian edition
4,2017-11-03,asian-month-2017-ja,Wikipedia Asian Month 2017 Japanese edition
3,2017-11-03,asian-month-2017-ka,Wikipedia Asian Month 2017 Georgian edition
5,2017-11-03,asian-month-2017-mai,Wikipedia Asian Month 2017 Maithili edition
1,2017-11-03,asian-month-2017-min,Wikipedia Asian Month 2017 Minangkabau edition
4,2017-11-03,asian-month-2017-ml,Wikipedia Asian Month 2017 Malayalam edition
2,2017-11-03,asian-month-2017-mr,Wikipedia Asian Month 2017 Marathi edition
1,2017-11-03,asian-month-2017-ne,Wikipedia Asian Month 2017 Nepali edition
3,2017-11-03,asian-month-2017-or,Wikipedia Asian Month 2017 Odia edition
3,2017-11-03,asian-month-2017-pt,Wikipedia Asian Month 2017 Portugese edition
5,2017-11-03,asian-month-2017-ru,Wikipedia Asian Month 2017 Russian edition
2,2017-11-03,asian-month-2017-ru-thai,Wikipedia Asian Month 2017 Russian edition. Russia-Thailand subcontest
3,2017-11-03,asian-month-2017-si,Wikipedia Asian Month 2017 Sinhalese edition
3,2017-11-03,asian-month-2017-sv,Wikipedia Asian Month 2017 Swedish edition
2,2017-11-03,asian-month-2017-th,Wikipedia Asian Month 2017 Thai edition
6,2017-11-03,asian-month-2017-uk,Wikipedia Asian Month 2017 Ukrainian edition
24,2017-11-03,asian-month-2017-vi,Wikipedia Asian Month 2017 Vietnamese edition
10,2017-11-03,asian-month-2017-zh,Wikipedia Asian Month 2017 Chinese edition
8,2017-11-04,asian-month-2017-az,Wikipedia Asian Month 2017 Azerbaijani edition
1,2017-11-04,asian-month-2017-ba,Wikipedia Asian Month 2017 Bashkir edition
1,2017-11-04,asian-month-2017-bg,Wikipedia Asian Month 2017 Bulgarian edition
14,2017-11-04,asian-month-2017-bn,Wikipedia Asian Month 2017 Bengali edition
11,2017-11-04,asian-month-2017-de,Wikipedia Asian Month 2017 German edition
24,2017-11-04,asian-month-2017-en,Wikipedia Asian Month 2017 English edition
14,2017-11-04,asian-month-2017-id,Wikipedia Asian Month 2017 Indonesian edition
1,2017-11-04,asian-month-2017-ja,Wikipedia Asian Month 2017 Japanese edition
1,2017-11-04,asian-month-2017-ka,Wikipedia Asian Month 2017 Georgian edition
1,2017-11-04,asian-month-2017-kn,Wikipedia Asian Month 2017 Kannada edition
5,2017-11-04,asian-month-2017-mai,Wikipedia Asian Month 2017 Maithili edition
6,2017-11-04,asian-month-2017-ml,Wikipedia Asian Month 2017 Malayalam edition
2,2017-11-04,asian-month-2017-ne,Wikipedia Asian Month 2017 Nepali edition
2,2017-11-04,asian-month-2017-or,Wikipedia Asian Month 2017 Odia edition
4,2017-11-04,asian-month-2017-pa,Wikivoyage Asian Month 2017 Punjabi edition
9,2017-11-04,asian-month-2017-pt,Wikipedia Asian Month 2017 Portugese edition
6,2017-11-04,asian-month-2017-ru,Wikipedia Asian Month 2017 Russian edition
2,2017-11-04,asian-month-2017-ru-thai,Wikipedia Asian Month 2017 Russian edition. Russia-Thailand subcontest
19,2017-11-04,asian-month-2017-si,Wikipedia Asian Month 2017 Sinhalese edition
1,2017-11-04,asian-month-2017-sq,Wikipedia Asian Month 2017 Albanian edition
4,2017-11-04,asian-month-2017-sv,Wikipedia Asian Month 2017 Swedish edition
2,2017-11-04,asian-month-2017-th,Wikipedia Asian Month 2017 Thai edition
5,2017-11-04,asian-month-2017-uk,Wikipedia Asian Month 2017 Ukrainian edition
25,2017-11-04,asian-month-2017-vi,Wikipedia Asian Month 2017 Vietnamese edition
6,2017-11-04,asian-month-2017-zh,Wikipedia Asian Month 2017 Chinese edition
3,2017-11-05,asian-month-2017-az,Wikipedia Asian Month 2017 Azerbaijani edition
2,2017-11-05,asian-month-2017-bg,Wikipedia Asian Month 2017 Bulgarian edition
20,2017-11-05,asian-month-2017-bn,Wikipedia Asian Month 2017 Bengali edition
15,2017-11-05,asian-month-2017-de,Wikipedia Asian Month 2017 German edition
37,2017-11-05,asian-month-2017-en,Wikipedia Asian Month 2017 English edition
3,2017-11-05,asian-month-2017-hi,Wikipedia Asian Month 2017 Hindi edition
2,2017-11-05,asian-month-2017-id,Wikipedia Asian Month 2017 Indonesian edition
1,2017-11-05,asian-month-2017-ja,Wikipedia Asian Month 2017 Japanese edition
2,2017-11-05,asian-month-2017-jv,Wikipedia Asian Month 2017 Java edition
32,2017-11-05,asian-month-2017-mai,Wikipedia Asian Month 2017 Maithili edition
2,2017-11-05,asian-month-2017-min,Wikipedia Asian Month 2017 Minangkabau edition
10,2017-11-05,asian-month-2017-ml,Wikipedia Asian Month 2017 Malayalam edition
3,2017-11-05,asian-month-2017-ne,Wikipedia Asian Month 2017 Nepali edition
3,2017-11-05,asian-month-2017-or,Wikipedia Asian Month 2017 Odia edition
4,2017-11-05,asian-month-2017-pa,Wikivoyage Asian Month 2017 Punjabi edition
9,2017-11-05,asian-month-2017-pt,Wikipedia Asian Month 2017 Portugese edition
9,2017-11-05,asian-month-2017-ru,Wikipedia Asian Month 2017 Russian edition
4,2017-11-05,asian-month-2017-ru-thai,Wikipedia Asian Month 2017 Russian edition. Russia-Thailand subcontest
10,2017-11-05,asian-month-2017-si,Wikipedia Asian Month 2017 Sinhalese edition
11,2017-11-05,asian-month-2017-sq,Wikipedia Asian Month 2017 Albanian edition
4,2017-11-05,asian-month-2017-sv,Wikipedia Asian Month 2017 Swedish edition
8,2017-11-05,asian-month-2017-uk,Wikipedia Asian Month 2017 Ukrainian edition
38,2017-11-05,asian-month-2017-vi,Wikipedia Asian Month 2017 Vietnamese edition
4,2017-11-05,asian-month-2017-zh,Wikipedia Asian Month 2017 Chinese edition
7,2017-11-06,asian-month-2017-az,Wikipedia Asian Month 2017 Azerbaijani edition
18,2017-11-06,asian-month-2017-bn,Wikipedia Asian Month 2017 Bengali edition
3,2017-11-06,asian-month-2017-ca,Wikipedia Asian Month 2017 Catalan edition
3,2017-11-06,asian-month-2017-de,Wikipedia Asian Month 2017 German edition
24,2017-11-06,asian-month-2017-en,Wikipedia Asian Month 2017 English edition
20,2017-11-06,asian-month-2017-fr,Wikipedia Asian Month 2017 French edition
1,2017-11-06,asian-month-2017-he,Wikipedia Asian Month 2017 Hebrew edition
2,2017-11-06,asian-month-2017-hi,Wikipedia Asian Month 2017 Hindi edition
10,2017-11-06,asian-month-2017-id,Wikipedia Asian Month 2017 Indonesian edition
1,2017-11-06,asian-month-2017-ja,Wikipedia Asian Month 2017 Japanese edition
3,2017-11-06,asian-month-2017-jv,Wikipedia Asian Month 2017 Java edition
1,2017-11-06,asian-month-2017-ka,Wikipedia Asian Month 2017 Georgian edition
22,2017-11-06,asian-month-2017-mai,Wikipedia Asian Month 2017 Maithili edition
2,2017-11-06,asian-month-2017-min,Wikipedia Asian Month 2017 Minangkabau edition
4,2017-11-06,asian-month-2017-ml,Wikipedia Asian Month 2017 Malayalam edition
1,2017-11-06,asian-month-2017-mr,Wikipedia Asian Month 2017 Marathi edition
1,2017-11-06,asian-month-2017-or,Wikipedia Asian Month 2017 Odia edition
4,2017-11-06,asian-month-2017-pa,Wikivoyage Asian Month 2017 Punjabi edition
13,2017-11-06,asian-month-2017-pt,Wikipedia Asian Month 2017 Portugese edition
9,2017-11-06,asian-month-2017-ru,Wikipedia Asian Month 2017 Russian edition
1,2017-11-06,asian-month-2017-ru-thai,Wikipedia Asian Month 2017 Russian edition. Russia-Thailand subcontest
2,2017-11-06,asian-month-2017-sv,Wikipedia Asian Month 2017 Swedish edition
1,2017-11-06,asian-month-2017-th,Wikipedia Asian Month 2017 Thai edition
5,2017-11-06,asian-month-2017-uk,Wikipedia Asian Month 2017 Ukrainian edition
18,2017-11-06,asian-month-2017-vi,Wikipedia Asian Month 2017 Vietnamese edition
4,2017-11-06,asian-month-2017-zh,Wikipedia Asian Month 2017 Chinese edition
5,2017-11-07,asian-month-2017-az,Wikipedia Asian Month 2017 Azerbaijani edition
8,2017-11-07,asian-month-2017-ba,Wikipedia Asian Month 2017 Bashkir edition
3,2017-11-07,asian-month-2017-bg,Wikipedia Asian Month 2017 Bulgarian edition
22,2017-11-07,asian-month-2017-bn,Wikipedia Asian Month 2017 Bengali edition
9,2017-11-07,asian-month-2017-ca,Wikipedia Asian Month 2017 Catalan edition
3,2017-11-07,asian-month-2017-da,Wikipedia Asian Month 2017 Danish edition
5,2017-11-07,asian-month-2017-de,Wikipedia Asian Month 2017 German edition
29,2017-11-07,asian-month-2017-en,Wikipedia Asian Month 2017 English edition
6,2017-11-07,asian-month-2017-es,Wikipedia Asian Month 2017 Spanish edition
13,2017-11-07,asian-month-2017-fr,Wikipedia Asian Month 2017 French edition
5,2017-11-07,asian-month-2017-he,Wikipedia Asian Month 2017 Hebrew edition
4,2017-11-07,asian-month-2017-hi,Wikipedia Asian Month 2017 Hindi edition
14,2017-11-07,asian-month-2017-id,Wikipedia Asian Month 2017 Indonesian edition
11,2017-11-07,asian-month-2017-ja,Wikipedia Asian Month 2017 Japanese edition
2,2017-11-07,asian-month-2017-jv,Wikipedia Asian Month 2017 Java edition
4,2017-11-07,asian-month-2017-ka,Wikipedia Asian Month 2017 Georgian edition
2,2017-11-07,asian-month-2017-mai,Wikipedia Asian Month 2017 Maithili edition
1,2017-11-07,asian-month-2017-min,Wikipedia Asian Month 2017 Minangkabau edition
2,2017-11-07,asian-month-2017-ml,Wikipedia Asian Month 2017 Malayalam edition
1,2017-11-07,asian-month-2017-mr,Wikipedia Asian Month 2017 Marathi edition
3,2017-11-07,asian-month-2017-or,Wikipedia Asian Month 2017 Odia edition
2,2017-11-07,asian-month-2017-pa,Wikivoyage Asian Month 2017 Punjabi edition
14,2017-11-07,asian-month-2017-pt,Wikipedia Asian Month 2017 Portugese edition
8,2017-11-07,asian-month-2017-ru,Wikipedia Asian Month 2017 Russian edition
5,2017-11-07,asian-month-2017-ru-thai,Wikipedia Asian Month 2017 Russian edition. Russia-Thailand subcontest
1,2017-11-07,asian-month-2017-sah,Wikivoyage Asian Month 2017 Saha edition
2,2017-11-07,asian-month-2017-sq,Wikipedia Asian Month 2017 Albanian edition
5,2017-11-07,asian-month-2017-sv,Wikipedia Asian Month 2017 Swedish edition
2,2017-11-07,asian-month-2017-th,Wikipedia Asian Month 2017 Thai edition
5,2017-11-07,asian-month-2017-uk,Wikipedia Asian Month 2017 Ukrainian edition
16,2017-11-07,asian-month-2017-vi,Wikipedia Asian Month 2017 Vietnamese edition
9,2017-11-07,asian-month-2017-zh,Wikipedia Asian Month 2017 Chinese edition
12,2017-11-08,asian-month-2017-az,Wikipedia Asian Month 2017 Azerbaijani edition
11,2017-11-08,asian-month-2017-ba,Wikipedia Asian Month 2017 Bashkir edition
1,2017-11-08,asian-month-2017-bg,Wikipedia Asian Month 2017 Bulgarian edition
25,2017-11-08,asian-month-2017-bn,Wikipedia Asian Month 2017 Bengali edition
6,2017-11-08,asian-month-2017-ca,Wikipedia Asian Month 2017 Catalan edition
7,2017-11-08,asian-month-2017-da,Wikipedia Asian Month 2017 Danish edition
5,2017-11-08,asian-month-2017-de,Wikipedia Asian Month 2017 German edition
31,2017-11-08,asian-month-2017-en,Wikipedia Asian Month 2017 English edition
34,2017-11-08,asian-month-2017-es,Wikipedia Asian Month 2017 Spanish edition
23,2017-11-08,asian-month-2017-fr,Wikipedia Asian Month 2017 French edition
2,2017-11-08,asian-month-2017-he,Wikipedia Asian Month 2017 Hebrew edition
2,2017-11-08,asian-month-2017-hi,Wikipedia Asian Month 2017 Hindi edition
13,2017-11-08,asian-month-2017-id,Wikipedia Asian Month 2017 Indonesian edition
8,2017-11-08,asian-month-2017-ja,Wikipedia Asian Month 2017 Japanese edition
3,2017-11-08,asian-month-2017-jv,Wikipedia Asian Month 2017 Java edition
2,2017-11-08,asian-month-2017-ka,Wikipedia Asian Month 2017 Georgian edition
3,2017-11-08,asian-month-2017-mai,Wikipedia Asian Month 2017 Maithili edition
1,2017-11-08,asian-month-2017-min,Wikipedia Asian Month 2017 Minangkabau edition
5,2017-11-08,asian-month-2017-ml,Wikipedia Asian Month 2017 Malayalam edition
1,2017-11-08,asian-month-2017-ne,Wikipedia Asian Month 2017 Nepali edition
2,2017-11-08,asian-month-2017-or,Wikipedia Asian Month 2017 Odia edition
4,2017-11-08,asian-month-2017-pa,Wikivoyage Asian Month 2017 Punjabi edition
5,2017-11-08,asian-month-2017-pt,Wikipedia Asian Month 2017 Portugese edition
10,2017-11-08,asian-month-2017-ru,Wikipedia Asian Month 2017 Russian edition
1,2017-11-08,asian-month-2017-ru-thai,Wikipedia Asian Month 2017 Russian edition. Russia-Thailand subcontest
1,2017-11-08,asian-month-2017-sah,Wikivoyage Asian Month 2017 Saha edition
1,2017-11-08,asian-month-2017-sv,Wikipedia Asian Month 2017 Swedish edition
1,2017-11-08,asian-month-2017-th,Wikipedia Asian Month 2017 Thai edition
3,2017-11-08,asian-month-2017-uk,Wikipedia Asian Month 2017 Ukrainian edition
15,2017-11-08,asian-month-2017-vi,Wikipedia Asian Month 2017 Vietnamese edition
10,2017-11-08,asian-month-2017-zh,Wikipedia Asian Month 2017 Chinese edition
8,2017-11-09,asian-month-2017-az,Wikipedia Asian Month 2017 Azerbaijani edition
4,2017-11-09,asian-month-2017-ba,Wikipedia Asian Month 2017 Bashkir edition
1,2017-11-09,asian-month-2017-be,Wikipedia Asian Month 2017 Belarusian edition
2,2017-11-09,asian-month-2017-bg,Wikipedia Asian Month 2017 Bulgarian edition
25,2017-11-09,asian-month-2017-bn,Wikipedia Asian Month 2017 Bengali edition
1,2017-11-09,asian-month-2017-bs,Wikipedia Asian Month 2017 Bosnian edition
4,2017-11-09,asian-month-2017-ca,Wikipedia Asian Month 2017 Catalan edition
5,2017-11-09,asian-month-2017-da,Wikipedia Asian Month 2017 Danish edition
11,2017-11-09,asian-month-2017-de,Wikipedia Asian Month 2017 German edition
22,2017-11-09,asian-month-2017-en,Wikipedia Asian Month 2017 English edition
27,2017-11-09,asian-month-2017-es,Wikipedia Asian Month 2017 Spanish edition
24,2017-11-09,asian-month-2017-fr,Wikipedia Asian Month 2017 French edition
1,2017-11-09,asian-month-2017-he,Wikipedia Asian Month 2017 Hebrew edition
9,2017-11-09,asian-month-2017-id,Wikipedia Asian Month 2017 Indonesian edition
2,2017-11-09,asian-month-2017-ja,Wikipedia Asian Month 2017 Japanese edition
1,2017-11-09,asian-month-2017-jv,Wikipedia Asian Month 2017 Java edition
3,2017-11-09,asian-month-2017-ka,Wikipedia Asian Month 2017 Georgian edition
1,2017-11-09,asian-month-2017-lv,Wikipedia Asian Month 2017 Latvian edition
2,2017-11-09,asian-month-2017-mai,Wikipedia Asian Month 2017 Maithili edition
1,2017-11-09,asian-month-2017-min,Wikipedia Asian Month 2017 Minangkabau edition
7,2017-11-09,asian-month-2017-ml,Wikipedia Asian Month 2017 Malayalam edition
1,2017-11-09,asian-month-2017-or,Wikipedia Asian Month 2017 Odia edition
1,2017-11-09,asian-month-2017-pa,Wikivoyage Asian Month 2017 Punjabi edition
4,2017-11-09,asian-month-2017-pt,Wikipedia Asian Month 2017 Portugese edition
8,2017-11-09,asian-month-2017-ru,Wikipedia Asian Month 2017 Russian edition
3,2017-11-09,asian-month-2017-ru-thai,Wikipedia Asian Month 2017 Russian edition. Russia-Thailand subcontest
1,2017-11-09,asian-month-2017-sq,Wikipedia Asian Month 2017 Albanian edition
2,2017-11-09,asian-month-2017-sv,Wikipedia Asian Month 2017 Swedish edition
3,2017-11-09,asian-month-2017-th,Wikipedia Asian Month 2017 Thai edition
5,2017-11-09,asian-month-2017-uk,Wikipedia Asian Month 2017 Ukrainian edition
3,2017-11-09,asian-month-2017-ur,Wikipedia Asian Month 2017 Urdu edition
23,2017-11-09,asian-month-2017-vi,Wikipedia Asian Month 2017 Vietnamese edition
13,2017-11-09,asian-month-2017-zh,Wikipedia Asian Month 2017 Chinese edition
5,2017-11-10,asian-month-2017-az,Wikipedia Asian Month 2017 Azerbaijani edition
4,2017-11-10,asian-month-2017-ba,Wikipedia Asian Month 2017 Bashkir edition
11,2017-11-10,asian-month-2017-bn,Wikipedia Asian Month 2017 Bengali edition
1,2017-11-10,asian-month-2017-bs,Wikipedia Asian Month 2017 Bosnian edition
4,2017-11-10,asian-month-2017-ca,Wikipedia Asian Month 2017 Catalan edition
2,2017-11-10,asian-month-2017-da,Wikipedia Asian Month 2017 Danish edition
7,2017-11-10,asian-month-2017-de,Wikipedia Asian Month 2017 German edition
13,2017-11-10,asian-month-2017-en,Wikipedia Asian Month 2017 English edition
23,2017-11-10,asian-month-2017-es,Wikipedia Asian Month 2017 Spanish edition
12,2017-11-10,asian-month-2017-fr,Wikipedia Asian Month 2017 French edition
2,2017-11-10,asian-month-2017-he,Wikipedia Asian Month 2017 Hebrew edition
6,2017-11-10,asian-month-2017-hi,Wikipedia Asian Month 2017 Hindi edition
3,2017-11-10,asian-month-2017-id,Wikipedia Asian Month 2017 Indonesian edition
5,2017-11-10,asian-month-2017-ja,Wikipedia Asian Month 2017 Japanese edition
1,2017-11-10,asian-month-2017-jv,Wikipedia Asian Month 2017 Java edition
1,2017-11-10,asian-month-2017-lv,Wikipedia Asian Month 2017 Latvian edition
5,2017-11-10,asian-month-2017-ml,Wikipedia Asian Month 2017 Malayalam edition
1,2017-11-10,asian-month-2017-ne,Wikipedia Asian Month 2017 Nepali edition
2,2017-11-10,asian-month-2017-or,Wikipedia Asian Month 2017 Odia edition
2,2017-11-10,asian-month-2017-pa,Wikivoyage Asian Month 2017 Punjabi edition
6,2017-11-10,asian-month-2017-pt,Wikipedia Asian Month 2017 Portugese edition
10,2017-11-10,asian-month-2017-ru,Wikipedia Asian Month 2017 Russian edition
17,2017-11-10,asian-month-2017-si,Wikipedia Asian Month 2017 Sinhalese edition
1,2017-11-10,asian-month-2017-sq,Wikipedia Asian Month 2017 Albanian edition
3,2017-11-10,asian-month-2017-sv,Wikipedia Asian Month 2017 Swedish edition
5,2017-11-10,asian-month-2017-th,Wikipedia Asian Month 2017 Thai edition
2,2017-11-10,asian-month-2017-uk,Wikipedia Asian Month 2017 Ukrainian edition
2,2017-11-10,asian-month-2017-ur,Wikipedia Asian Month 2017 Urdu edition
18,2017-11-10,asian-month-2017-vi,Wikipedia Asian Month 2017 Vietnamese edition
20,2017-11-10,asian-month-2017-zh,Wikipedia Asian Month 2017 Chinese edition
2,2017-11-11,asian-month-2017-az,Wikipedia Asian Month 2017 Azerbaijani edition
3,2017-11-11,asian-month-2017-ba,Wikipedia Asian Month 2017 Bashkir edition
15,2017-11-11,asian-month-2017-bn,Wikipedia Asian Month 2017 Bengali edition
1,2017-11-11,asian-month-2017-bs,Wikipedia Asian Month 2017 Bosnian edition
10,2017-11-11,asian-month-2017-ca,Wikipedia Asian Month 2017 Catalan edition
5,2017-11-11,asian-month-2017-da,Wikipedia Asian Month 2017 Danish edition
9,2017-11-11,asian-month-2017-de,Wikipedia Asian Month 2017 German edition
18,2017-11-11,asian-month-2017-en,Wikipedia Asian Month 2017 English edition
23,2017-11-11,asian-month-2017-es,Wikipedia Asian Month 2017 Spanish edition
10,2017-11-11,asian-month-2017-fr,Wikipedia Asian Month 2017 French edition
1,2017-11-11,asian-month-2017-he,Wikipedia Asian Month 2017 Hebrew edition
1,2017-11-11,asian-month-2017-hi,Wikipedia Asian Month 2017 Hindi edition
10,2017-11-11,asian-month-2017-id,Wikipedia Asian Month 2017 Indonesian edition
8,2017-11-11,asian-month-2017-ja,Wikipedia Asian Month 2017 Japanese edition
7,2017-11-11,asian-month-2017-ml,Wikipedia Asian Month 2017 Malayalam edition
3,2017-11-11,asian-month-2017-ne,Wikipedia Asian Month 2017 Nepali edition
1,2017-11-11,asian-month-2017-or,Wikipedia Asian Month 2017 Odia edition
2,2017-11-11,asian-month-2017-pa,Wikivoyage Asian Month 2017 Punjabi edition
12,2017-11-11,asian-month-2017-pt,Wikipedia Asian Month 2017 Portugese edition
9,2017-11-11,asian-month-2017-ru,Wikipedia Asian Month 2017 Russian edition
4,2017-11-11,asian-month-2017-ru-thai,Wikipedia Asian Month 2017 Russian edition. Russia-Thailand subcontest
2,2017-11-11,asian-month-2017-sv,Wikipedia Asian Month 2017 Swedish edition
3,2017-11-11,asian-month-2017-th,Wikipedia Asian Month 2017 Thai edition
3,2017-11-11,asian-month-2017-uk,Wikipedia Asian Month 2017 Ukrainian edition
7,2017-11-11,asian-month-2017-ur,Wikipedia Asian Month 2017 Urdu edition
18,2017-11-11,asian-month-2017-vi,Wikipedia Asian Month 2017 Vietnamese edition
28,2017-11-11,asian-month-2017-zh,Wikipedia Asian Month 2017 Chinese edition
5,2017-11-12,asian-month-2017-az,Wikipedia Asian Month 2017 Azerbaijani edition
2,2017-11-12,asian-month-2017-ba,Wikipedia Asian Month 2017 Bashkir edition
2,2017-11-12,asian-month-2017-bg,Wikipedia Asian Month 2017 Bulgarian edition
14,2017-11-12,asian-month-2017-bn,Wikipedia Asian Month 2017 Bengali edition
5,2017-11-12,asian-month-2017-ca,Wikipedia Asian Month 2017 Catalan edition
5,2017-11-12,asian-month-2017-da,Wikipedia Asian Month 2017 Danish edition
13,2017-11-12,asian-month-2017-de,Wikipedia Asian Month 2017 German edition
21,2017-11-12,asian-month-2017-en,Wikipedia Asian Month 2017 English edition
20,2017-11-12,asian-month-2017-es,Wikipedia Asian Month 2017 Spanish edition
14,2017-11-12,asian-month-2017-fr,Wikipedia Asian Month 2017 French edition
2,2017-11-12,asian-month-2017-he,Wikipedia Asian Month 2017 Hebrew edition
7,2017-11-12,asian-month-2017-id,Wikipedia Asian Month 2017 Indonesian edition
3,2017-11-12,asian-month-2017-ja,Wikipedia Asian Month 2017 Japanese edition
1,2017-11-12,asian-month-2017-kn,Wikipedia Asian Month 2017 Kannada edition
2,2017-11-12,asian-month-2017-lv,Wikipedia Asian Month 2017 Latvian edition
1,2017-11-12,asian-month-2017-min,Wikipedia Asian Month 2017 Minangkabau edition
5,2017-11-12,asian-month-2017-ml,Wikipedia Asian Month 2017 Malayalam edition
3,2017-11-12,asian-month-2017-ne,Wikipedia Asian Month 2017 Nepali edition
3,2017-11-12,asian-month-2017-or,Wikipedia Asian Month 2017 Odia edition
14,2017-11-12,asian-month-2017-pt,Wikipedia Asian Month 2017 Portugese edition
14,2017-11-12,asian-month-2017-ru,Wikipedia Asian Month 2017 Russian edition
7,2017-11-12,asian-month-2017-ru-thai,Wikipedia Asian Month 2017 Russian edition. Russia-Thailand subcontest
1,2017-11-12,asian-month-2017-sd,Wikipedia Asian Month 2017 Sindhi edition
6,2017-11-12,asian-month-2017-si,Wikipedia Asian Month 2017 Sinhalese edition
1,2017-11-12,asian-month-2017-sq,Wikipedia Asian Month 2017 Albanian edition
2,2017-11-12,asian-month-2017-sv,Wikipedia Asian Month 2017 Swedish edition
5,2017-11-12,asian-month-2017-ta,Wikipedia Asian Month 2017 Tamil edition
1,2017-11-12,asian-month-2017-th,Wikipedia Asian Month 2017 Thai edition
2,2017-11-12,asian-month-2017-uk,Wikipedia Asian Month 2017 Ukrainian edition
2,2017-11-12,asian-month-2017-ur,Wikipedia Asian Month 2017 Urdu edition
23,2017-11-12,asian-month-2017-vi,Wikipedia Asian Month 2017 Vietnamese edition
41,2017-11-12,asian-month-2017-zh,Wikipedia Asian Month 2017 Chinese edition
3,2017-11-12,asian-month-2017-zh-classical,Wikipedia Asian Month 2017 Classical Chinese edition
3,2017-11-13,asian-month-2017-az,Wikipedia Asian Month 2017 Azerbaijani edition
3,2017-11-13,asian-month-2017-ba,Wikipedia Asian Month 2017 Bashkir edition
2,2017-11-13,asian-month-2017-bg,Wikipedia Asian Month 2017 Bulgarian edition
33,2017-11-13,asian-month-2017-bn,Wikipedia Asian Month 2017 Bengali edition
9,2017-11-13,asian-month-2017-ca,Wikipedia Asian Month 2017 Catalan edition
5,2017-11-13,asian-month-2017-da,Wikipedia Asian Month 2017 Danish edition
12,2017-11-13,asian-month-2017-de,Wikipedia Asian Month 2017 German edition
18,2017-11-13,asian-month-2017-en,Wikipedia Asian Month 2017 English edition
23,2017-11-13,asian-month-2017-es,Wikipedia Asian Month 2017 Spanish edition
10,2017-11-13,asian-month-2017-fr,Wikipedia Asian Month 2017 French edition
1,2017-11-13,asian-month-2017-he,Wikipedia Asian Month 2017 Hebrew edition
2,2017-11-13,asian-month-2017-hi,Wikipedia Asian Month 2017 Hindi edition
12,2017-11-13,asian-month-2017-id,Wikipedia Asian Month 2017 Indonesian edition
3,2017-11-13,asian-month-2017-ja,Wikipedia Asian Month 2017 Japanese edition
1,2017-11-13,asian-month-2017-jv,Wikipedia Asian Month 2017 Java edition
2,2017-11-13,asian-month-2017-ka,Wikipedia Asian Month 2017 Georgian edition
4,2017-11-13,asian-month-2017-ml,Wikipedia Asian Month 2017 Malayalam edition
1,2017-11-13,asian-month-2017-mr,Wikipedia Asian Month 2017 Marathi edition
1,2017-11-13,asian-month-2017-ne,Wikipedia Asian Month 2017 Nepali edition
1,2017-11-13,asian-month-2017-or,Wikipedia Asian Month 2017 Odia edition
1,2017-11-13,asian-month-2017-pa,Wikivoyage Asian Month 2017 Punjabi edition
29,2017-11-13,asian-month-2017-pt,Wikipedia Asian Month 2017 Portugese edition
5,2017-11-13,asian-month-2017-ru,Wikipedia Asian Month 2017 Russian edition
4,2017-11-13,asian-month-2017-ru-thai,Wikipedia Asian Month 2017 Russian edition. Russia-Thailand subcontest
1,2017-11-13,asian-month-2017-simple,Wikipedia Asian Month 2017 Simple English edition
1,2017-11-13,asian-month-2017-sv,Wikipedia Asian Month 2017 Swedish edition
1,2017-11-13,asian-month-2017-ta,Wikipedia Asian Month 2017 Tamil edition
2,2017-11-13,asian-month-2017-th,Wikipedia Asian Month 2017 Thai edition
5,2017-11-13,asian-month-2017-uk,Wikipedia Asian Month 2017 Ukrainian edition
1,2017-11-13,asian-month-2017-ur,Wikipedia Asian Month 2017 Urdu edition
18,2017-11-13,asian-month-2017-vi,Wikipedia Asian Month 2017 Vietnamese edition
15,2017-11-13,asian-month-2017-zh,Wikipedia Asian Month 2017 Chinese edition
1,2017-11-14,asian-month-2017-az,Wikipedia Asian Month 2017 Azerbaijani edition
4,2017-11-14,asian-month-2017-ba,Wikipedia Asian Month 2017 Bashkir edition
1,2017-11-14,asian-month-2017-bg,Wikipedia Asian Month 2017 Bulgarian edition
30,2017-11-14,asian-month-2017-bn,Wikipedia Asian Month 2017 Bengali edition
8,2017-11-14,asian-month-2017-ca,Wikipedia Asian Month 2017 Catalan edition
1,2017-11-14,asian-month-2017-da,Wikipedia Asian Month 2017 Danish edition
8,2017-11-14,asian-month-2017-de,Wikipedia Asian Month 2017 German edition
15,2017-11-14,asian-month-2017-en,Wikipedia Asian Month 2017 English edition
14,2017-11-14,asian-month-2017-es,Wikipedia Asian Month 2017 Spanish edition
1,2017-11-14,asian-month-2017-fo,Wikipedia Asian Month 2017 Faroese edition
8,2017-11-14,asian-month-2017-fr,Wikipedia Asian Month 2017 French edition
3,2017-11-14,asian-month-2017-hi,Wikipedia Asian Month 2017 Hindi edition
10,2017-11-14,asian-month-2017-id,Wikipedia Asian Month 2017 Indonesian edition
6,2017-11-14,asian-month-2017-ja,Wikipedia Asian Month 2017 Japanese edition
1,2017-11-14,asian-month-2017-jv,Wikipedia Asian Month 2017 Java edition
1,2017-11-14,asian-month-2017-ka,Wikipedia Asian Month 2017 Georgian edition
2,2017-11-14,asian-month-2017-lv,Wikipedia Asian Month 2017 Latvian edition
1,2017-11-14,asian-month-2017-min,Wikipedia Asian Month 2017 Minangkabau edition
9,2017-11-14,asian-month-2017-ml,Wikipedia Asian Month 2017 Malayalam edition
4,2017-11-14,asian-month-2017-pa,Wikivoyage Asian Month 2017 Punjabi edition
17,2017-11-14,asian-month-2017-pt,Wikipedia Asian Month 2017 Portugese edition
8,2017-11-14,asian-month-2017-ru,Wikipedia Asian Month 2017 Russian edition
4,2017-11-14,asian-month-2017-ru-thai,Wikipedia Asian Month 2017 Russian edition. Russia-Thailand subcontest
13,2017-11-14,asian-month-2017-si,Wikipedia Asian Month 2017 Sinhalese edition
1,2017-11-14,asian-month-2017-sq,Wikipedia Asian Month 2017 Albanian edition
4,2017-11-14,asian-month-2017-ta,Wikipedia Asian Month 2017 Tamil edition
2,2017-11-14,asian-month-2017-th,Wikipedia Asian Month 2017 Thai edition
4,2017-11-14,asian-month-2017-uk,Wikipedia Asian Month 2017 Ukrainian edition
1,2017-11-14,asian-month-2017-ur,Wikipedia Asian Month 2017 Urdu edition
24,2017-11-14,asian-month-2017-vi,Wikipedia Asian Month 2017 Vietnamese edition
10,2017-11-14,asian-month-2017-zh,Wikipedia Asian Month 2017 Chinese edition
2,2017-11-14,asian-month-2017-zh-thai,Wikipedia Asian Month 2017 Chinese edition. Russia-Thailand subcontest
1,2017-11-15,asian-month-2017-az,Wikipedia Asian Month 2017 Azerbaijani edition
7,2017-11-15,asian-month-2017-ba,Wikipedia Asian Month 2017 Bashkir edition
2,2017-11-15,asian-month-2017-bg,Wikipedia Asian Month 2017 Bulgarian edition
23,2017-11-15,asian-month-2017-bn,Wikipedia Asian Month 2017 Bengali edition
4,2017-11-15,asian-month-2017-ca,Wikipedia Asian Month 2017 Catalan edition
12,2017-11-15,asian-month-2017-de,Wikipedia Asian Month 2017 German edition
23,2017-11-15,asian-month-2017-en,Wikipedia Asian Month 2017 English edition
19,2017-11-15,asian-month-2017-es,Wikipedia Asian Month 2017 Spanish edition
11,2017-11-15,asian-month-2017-fr,Wikipedia Asian Month 2017 French edition
2,2017-11-15,asian-month-2017-he,Wikipedia Asian Month 2017 Hebrew edition
2,2017-11-15,asian-month-2017-hi,Wikipedia Asian Month 2017 Hindi edition
13,2017-11-15,asian-month-2017-id,Wikipedia Asian Month 2017 Indonesian edition
2,2017-11-15,asian-month-2017-ja,Wikipedia Asian Month 2017 Japanese edition
1,2017-11-15,asian-month-2017-jv,Wikipedia Asian Month 2017 Java edition
2,2017-11-15,asian-month-2017-ka,Wikipedia Asian Month 2017 Georgian edition
1,2017-11-15,asian-month-2017-lv,Wikipedia Asian Month 2017 Latvian edition
1,2017-11-15,asian-month-2017-min,Wikipedia Asian Month 2017 Minangkabau edition
3,2017-11-15,asian-month-2017-ml,Wikipedia Asian Month 2017 Malayalam edition
1,2017-11-15,asian-month-2017-mr,Wikipedia Asian Month 2017 Marathi edition
2,2017-11-15,asian-month-2017-ne,Wikipedia Asian Month 2017 Nepali edition
4,2017-11-15,asian-month-2017-or,Wikipedia Asian Month 2017 Odia edition
3,2017-11-15,asian-month-2017-pa,Wikivoyage Asian Month 2017 Punjabi edition
19,2017-11-15,asian-month-2017-pt,Wikipedia Asian Month 2017 Portugese edition
8,2017-11-15,asian-month-2017-ru,Wikipedia Asian Month 2017 Russian edition
3,2017-11-15,asian-month-2017-ru-thai,Wikipedia Asian Month 2017 Russian edition. Russia-Thailand subcontest
1,2017-11-15,asian-month-2017-simple,Wikipedia Asian Month 2017 Simple English edition
1,2017-11-15,asian-month-2017-sv,Wikipedia Asian Month 2017 Swedish edition
11,2017-11-15,asian-month-2017-ta,Wikipedia Asian Month 2017 Tamil edition
1,2017-11-15,asian-month-2017-th,Wikipedia Asian Month 2017 Thai edition
3,2017-11-15,asian-month-2017-uk,Wikipedia Asian Month 2017 Ukrainian edition
17,2017-11-15,asian-month-2017-vi,Wikipedia Asian Month 2017 Vietnamese edition
16,2017-11-15,asian-month-2017-zh,Wikipedia Asian Month 2017 Chinese edition
6,2017-11-16,asian-month-2017-az,Wikipedia Asian Month 2017 Azerbaijani edition
3,2017-11-16,asian-month-2017-ba,Wikipedia Asian Month 2017 Bashkir edition
3,2017-11-16,asian-month-2017-bg,Wikipedia Asian Month 2017 Bulgarian edition
32,2017-11-16,asian-month-2017-bn,Wikipedia Asian Month 2017 Bengali edition
10,2017-11-16,asian-month-2017-ca,Wikipedia Asian Month 2017 Catalan edition
3,2017-11-16,asian-month-2017-da,Wikipedia Asian Month 2017 Danish edition
15,2017-11-16,asian-month-2017-de,Wikipedia Asian Month 2017 German edition
21,2017-11-16,asian-month-2017-en,Wikipedia Asian Month 2017 English edition
1,2017-11-16,asian-month-2017-en-thai,
20,2017-11-16,asian-month-2017-es,Wikipedia Asian Month 2017 Spanish edition
9,2017-11-16,asian-month-2017-fr,Wikipedia Asian Month 2017 French edition
1,2017-11-16,asian-month-2017-he,Wikipedia Asian Month 2017 Hebrew edition
5,2017-11-16,asian-month-2017-hi,Wikipedia Asian Month 2017 Hindi edition
5,2017-11-16,asian-month-2017-id,Wikipedia Asian Month 2017 Indonesian edition
6,2017-11-16,asian-month-2017-ja,Wikipedia Asian Month 2017 Japanese edition
5,2017-11-16,asian-month-2017-ka,Wikipedia Asian Month 2017 Georgian edition
1,2017-11-16,asian-month-2017-lv,Wikipedia Asian Month 2017 Latvian edition
3,2017-11-16,asian-month-2017-mai,Wikipedia Asian Month 2017 Maithili edition
10,2017-11-16,asian-month-2017-ml,Wikipedia Asian Month 2017 Malayalam edition
2,2017-11-16,asian-month-2017-mr,Wikipedia Asian Month 2017 Marathi edition
1,2017-11-16,asian-month-2017-ne,Wikipedia Asian Month 2017 Nepali edition
3,2017-11-16,asian-month-2017-or,Wikipedia Asian Month 2017 Odia edition
1,2017-11-16,asian-month-2017-pa,Wikivoyage Asian Month 2017 Punjabi edition
27,2017-11-16,asian-month-2017-pt,Wikipedia Asian Month 2017 Portugese edition
6,2017-11-16,asian-month-2017-ru,Wikipedia Asian Month 2017 Russian edition
3,2017-11-16,asian-month-2017-ru-thai,Wikipedia Asian Month 2017 Russian edition. Russia-Thailand subcontest
2,2017-11-16,asian-month-2017-si,Wikipedia Asian Month 2017 Sinhalese edition
1,2017-11-16,asian-month-2017-simple,Wikipedia Asian Month 2017 Simple English edition
1,2017-11-16,asian-month-2017-sq,Wikipedia Asian Month 2017 Albanian edition
1,2017-11-16,asian-month-2017-sv,Wikipedia Asian Month 2017 Swedish edition
10,2017-11-16,asian-month-2017-ta,Wikipedia Asian Month 2017 Tamil edition
2,2017-11-16,asian-month-2017-th,Wikipedia Asian Month 2017 Thai edition
24,2017-11-16,asian-month-2017-uk,Wikipedia Asian Month 2017 Ukrainian edition
5,2017-11-16,asian-month-2017-ur,Wikipedia Asian Month 2017 Urdu edition
10,2017-11-16,asian-month-2017-vi,Wikipedia Asian Month 2017 Vietnamese edition
8,2017-11-16,asian-month-2017-zh,Wikipedia Asian Month 2017 Chinese edition
1,2017-11-16,asian-month-2017-zh-thai,Wikipedia Asian Month 2017 Chinese edition. Russia-Thailand subcontest
6,2017-11-17,asian-month-2017-az,Wikipedia Asian Month 2017 Azerbaijani edition
3,2017-11-17,asian-month-2017-ba,Wikipedia Asian Month 2017 Bashkir edition
1,2017-11-17,asian-month-2017-be,Wikipedia Asian Month 2017 Belarusian edition
1,2017-11-17,asian-month-2017-bg,Wikipedia Asian Month 2017 Bulgarian edition
28,2017-11-17,asian-month-2017-bn,Wikipedia Asian Month 2017 Bengali edition
5,2017-11-17,asian-month-2017-ca,Wikipedia Asian Month 2017 Catalan edition
4,2017-11-17,asian-month-2017-da,Wikipedia Asian Month 2017 Danish edition
11,2017-11-17,asian-month-2017-de,Wikipedia Asian Month 2017 German edition
16,2017-11-17,asian-month-2017-en,Wikipedia Asian Month 2017 English edition
2,2017-11-17,asian-month-2017-en-thai,
1,2017-11-17,asian-month-2017-en-wir,Wikipedia Asian Month 2017 English edition. Women in Red
4,2017-11-17,asian-month-2017-es,Wikipedia Asian Month 2017 Spanish edition
9,2017-11-17,asian-month-2017-fr,Wikipedia Asian Month 2017 French edition
3,2017-11-17,asian-month-2017-hi,Wikipedia Asian Month 2017 Hindi edition
10,2017-11-17,asian-month-2017-id,Wikipedia Asian Month 2017 Indonesian edition
2,2017-11-17,asian-month-2017-ka,Wikipedia Asian Month 2017 Georgian edition
1,2017-11-17,asian-month-2017-min,Wikipedia Asian Month 2017 Minangkabau edition
6,2017-11-17,asian-month-2017-ml,Wikipedia Asian Month 2017 Malayalam edition
1,2017-11-17,asian-month-2017-ne,Wikipedia Asian Month 2017 Nepali edition
2,2017-11-17,asian-month-2017-pa,Wikivoyage Asian Month 2017 Punjabi edition
13,2017-11-17,asian-month-2017-pt,Wikipedia Asian Month 2017 Portugese edition
6,2017-11-17,asian-month-2017-ru,Wikipedia Asian Month 2017 Russian edition
6,2017-11-17,asian-month-2017-ru-thai,Wikipedia Asian Month 2017 Russian edition. Russia-Thailand subcontest
13,2017-11-17,asian-month-2017-si,Wikipedia Asian Month 2017 Sinhalese edition
1,2017-11-17,asian-month-2017-ta,Wikipedia Asian Month 2017 Tamil edition
1,2017-11-17,asian-month-2017-te,Wikipedia Asian Month 2017 Telugu edition
1,2017-11-17,asian-month-2017-th,Wikipedia Asian Month 2017 Thai edition
4,2017-11-17,asian-month-2017-uk,Wikipedia Asian Month 2017 Ukrainian edition
18,2017-11-17,asian-month-2017-vi,Wikipedia Asian Month 2017 Vietnamese edition
10,2017-11-17,asian-month-2017-zh,Wikipedia Asian Month 2017 Chinese edition
1,2017-11-17,asian-month-2017-zh-thai,Wikipedia Asian Month 2017 Chinese edition. Russia-Thailand subcontest
11,2017-11-18,asian-month-2017-az,Wikipedia Asian Month 2017 Azerbaijani edition
4,2017-11-18,asian-month-2017-ba,Wikipedia Asian Month 2017 Bashkir edition
1,2017-11-18,asian-month-2017-bg,Wikipedia Asian Month 2017 Bulgarian edition
38,2017-11-18,asian-month-2017-bn,Wikipedia Asian Month 2017 Bengali edition
15,2017-11-18,asian-month-2017-de,Wikipedia Asian Month 2017 German edition
16,2017-11-18,asian-month-2017-en,Wikipedia Asian Month 2017 English edition
9,2017-11-18,asian-month-2017-es,Wikipedia Asian Month 2017 Spanish edition
16,2017-11-18,asian-month-2017-fr,Wikipedia Asian Month 2017 French edition
1,2017-11-18,asian-month-2017-he,Wikipedia Asian Month 2017 Hebrew edition
5,2017-11-18,asian-month-2017-hi,Wikipedia Asian Month 2017 Hindi edition
4,2017-11-18,asian-month-2017-hr,Wikipedia Asian Month 2017 Croatian edition
12,2017-11-18,asian-month-2017-id,Wikipedia Asian Month 2017 Indonesian edition
3,2017-11-18,asian-month-2017-ja,Wikipedia Asian Month 2017 Japanese edition
3,2017-11-18,asian-month-2017-ka,Wikipedia Asian Month 2017 Georgian edition
3,2017-11-18,asian-month-2017-ml,Wikipedia Asian Month 2017 Malayalam edition
1,2017-11-18,asian-month-2017-mr,Wikipedia Asian Month 2017 Marathi edition
1,2017-11-18,asian-month-2017-ne,Wikipedia Asian Month 2017 Nepali edition
2,2017-11-18,asian-month-2017-or,Wikipedia Asian Month 2017 Odia edition
5,2017-11-18,asian-month-2017-pt,Wikipedia Asian Month 2017 Portugese edition
5,2017-11-18,asian-month-2017-ru,Wikipedia Asian Month 2017 Russian edition
5,2017-11-18,asian-month-2017-ru-thai,Wikipedia Asian Month 2017 Russian edition. Russia-Thailand subcontest
1,2017-11-18,asian-month-2017-sah,Wikivoyage Asian Month 2017 Saha edition
15,2017-11-18,asian-month-2017-si,Wikipedia Asian Month 2017 Sinhalese edition
1,2017-11-18,asian-month-2017-sq,Wikipedia Asian Month 2017 Albanian edition
2,2017-11-18,asian-month-2017-sv,Wikipedia Asian Month 2017 Swedish edition
2,2017-11-18,asian-month-2017-ta,Wikipedia Asian Month 2017 Tamil edition
1,2017-11-18,asian-month-2017-te,Wikipedia Asian Month 2017 Telugu edition
4,2017-11-18,asian-month-2017-th,Wikipedia Asian Month 2017 Thai edition
6,2017-11-18,asian-month-2017-uk,Wikipedia Asian Month 2017 Ukrainian edition
1,2017-11-18,asian-month-2017-ur,Wikipedia Asian Month 2017 Urdu edition
33,2017-11-18,asian-month-2017-vi,Wikipedia Asian Month 2017 Vietnamese edition
18,2017-11-18,asian-month-2017-zh,Wikipedia Asian Month 2017 Chinese edition
1,2017-11-18,asian-month-2017-zh-classical,Wikipedia Asian Month 2017 Classical Chinese edition
8,2017-11-19,asian-month-2017-az,Wikipedia Asian Month 2017 Azerbaijani edition
4,2017-11-19,asian-month-2017-ba,Wikipedia Asian Month 2017 Bashkir edition
1,2017-11-19,asian-month-2017-bg,Wikipedia Asian Month 2017 Bulgarian edition
23,2017-11-19,asian-month-2017-bn,Wikipedia Asian Month 2017 Bengali edition
1,2017-11-19,asian-month-2017-ca,Wikipedia Asian Month 2017 Catalan edition
2,2017-11-19,asian-month-2017-da,Wikipedia Asian Month 2017 Danish edition
19,2017-11-19,asian-month-2017-de,Wikipedia Asian Month 2017 German edition
18,2017-11-19,asian-month-2017-en,Wikipedia Asian Month 2017 English edition
1,2017-11-19,asian-month-2017-en-thai,
4,2017-11-19,asian-month-2017-es,Wikipedia Asian Month 2017 Spanish edition
12,2017-11-19,asian-month-2017-fr,Wikipedia Asian Month 2017 French edition
1,2017-11-19,asian-month-2017-he,Wikipedia Asian Month 2017 Hebrew edition
1,2017-11-19,asian-month-2017-hi,Wikipedia Asian Month 2017 Hindi edition
1,2017-11-19,asian-month-2017-hr,Wikipedia Asian Month 2017 Croatian edition
7,2017-11-19,asian-month-2017-id,Wikipedia Asian Month 2017 Indonesian edition
5,2017-11-19,asian-month-2017-ja,Wikipedia Asian Month 2017 Japanese edition
1,2017-11-19,asian-month-2017-ka,Wikipedia Asian Month 2017 Georgian edition
5,2017-11-19,asian-month-2017-ml,Wikipedia Asian Month 2017 Malayalam edition
3,2017-11-19,asian-month-2017-ne,Wikipedia Asian Month 2017 Nepali edition
3,2017-11-19,asian-month-2017-or,Wikipedia Asian Month 2017 Odia edition
2,2017-11-19,asian-month-2017-pt,Wikipedia Asian Month 2017 Portugese edition
3,2017-11-19,asian-month-2017-ru,Wikipedia Asian Month 2017 Russian edition
2,2017-11-19,asian-month-2017-ru-thai,Wikipedia Asian Month 2017 Russian edition. Russia-Thailand subcontest
15,2017-11-19,asian-month-2017-si,Wikipedia Asian Month 2017 Sinhalese edition
3,2017-11-19,asian-month-2017-ta,Wikipedia Asian Month 2017 Tamil edition
1,2017-11-19,asian-month-2017-th,Wikipedia Asian Month 2017 Thai edition
13,2017-11-19,asian-month-2017-uk,Wikipedia Asian Month 2017 Ukrainian edition
39,2017-11-19,asian-month-2017-vi,Wikipedia Asian Month 2017 Vietnamese edition
16,2017-11-19,asian-month-2017-zh,Wikipedia Asian Month 2017 Chinese edition
1,2017-11-19,asian-month-2017-zh-classical,Wikipedia Asian Month 2017 Classical Chinese edition
5,2017-11-20,asian-month-2017-az,Wikipedia Asian Month 2017 Azerbaijani edition
4,2017-11-20,asian-month-2017-ba,Wikipedia Asian Month 2017 Bashkir edition
3,2017-11-20,asian-month-2017-bg,Wikipedia Asian Month 2017 Bulgarian edition
32,2017-11-20,asian-month-2017-bn,Wikipedia Asian Month 2017 Bengali edition
2,2017-11-20,asian-month-2017-ca,Wikipedia Asian Month 2017 Catalan edition
4,2017-11-20,asian-month-2017-da,Wikipedia Asian Month 2017 Danish edition
14,2017-11-20,asian-month-2017-de,Wikipedia Asian Month 2017 German edition
4,2017-11-20,asian-month-2017-en,Wikipedia Asian Month 2017 English edition
6,2017-11-20,asian-month-2017-es,Wikipedia Asian Month 2017 Spanish edition
9,2017-11-20,asian-month-2017-fr,Wikipedia Asian Month 2017 French edition
6,2017-11-20,asian-month-2017-hi,Wikipedia Asian Month 2017 Hindi edition
1,2017-11-20,asian-month-2017-hr,Wikipedia Asian Month 2017 Croatian edition
11,2017-11-20,asian-month-2017-id,Wikipedia Asian Month 2017 Indonesian edition
2,2017-11-20,asian-month-2017-ja,Wikipedia Asian Month 2017 Japanese edition
1,2017-11-20,asian-month-2017-jv,Wikipedia Asian Month 2017 Java edition
6,2017-11-20,asian-month-2017-ka,Wikipedia Asian Month 2017 Georgian edition
1,2017-11-20,asian-month-2017-lv,Wikipedia Asian Month 2017 Latvian edition
1,2017-11-20,asian-month-2017-mai,Wikipedia Asian Month 2017 Maithili edition
2,2017-11-20,asian-month-2017-min,Wikipedia Asian Month 2017 Minangkabau edition
11,2017-11-20,asian-month-2017-ml,Wikipedia Asian Month 2017 Malayalam edition
2,2017-11-20,asian-month-2017-mr,Wikipedia Asian Month 2017 Marathi edition
5,2017-11-20,asian-month-2017-ne,Wikipedia Asian Month 2017 Nepali edition
2,2017-11-20,asian-month-2017-pa,Wikivoyage Asian Month 2017 Punjabi edition
3,2017-11-20,asian-month-2017-pt,Wikipedia Asian Month 2017 Portugese edition
7,2017-11-20,asian-month-2017-ru,Wikipedia Asian Month 2017 Russian edition
1,2017-11-20,asian-month-2017-ru-thai,Wikipedia Asian Month 2017 Russian edition. Russia-Thailand subcontest
4,2017-11-20,asian-month-2017-si,Wikipedia Asian Month 2017 Sinhalese edition
1,2017-11-20,asian-month-2017-sv,Wikipedia Asian Month 2017 Swedish edition
6,2017-11-20,asian-month-2017-ta,Wikipedia Asian Month 2017 Tamil edition
1,2017-11-20,asian-month-2017-th,Wikipedia Asian Month 2017 Thai edition
4,2017-11-20,asian-month-2017-uk,Wikipedia Asian Month 2017 Ukrainian edition
18,2017-11-20,asian-month-2017-vi,Wikipedia Asian Month 2017 Vietnamese edition
14,2017-11-20,asian-month-2017-zh,Wikipedia Asian Month 2017 Chinese edition
1,2017-11-20,asian-month-2017-zh-classical,Wikipedia Asian Month 2017 Classical Chinese edition
4,2017-11-21,asian-month-2017-az,Wikipedia Asian Month 2017 Azerbaijani edition
5,2017-11-21,asian-month-2017-ba,Wikipedia Asian Month 2017 Bashkir edition
13,2017-11-21,asian-month-2017-bn,Wikipedia Asian Month 2017 Bengali edition
1,2017-11-21,asian-month-2017-bs,Wikipedia Asian Month 2017 Bosnian edition
2,2017-11-21,asian-month-2017-da,Wikipedia Asian Month 2017 Danish edition
19,2017-11-21,asian-month-2017-de,Wikipedia Asian Month 2017 German edition
8,2017-11-21,asian-month-2017-en,Wikipedia Asian Month 2017 English edition
5,2017-11-21,asian-month-2017-es,Wikipedia Asian Month 2017 Spanish edition
9,2017-11-21,asian-month-2017-fr,Wikipedia Asian Month 2017 French edition
3,2017-11-21,asian-month-2017-he,Wikipedia Asian Month 2017 Hebrew edition
6,2017-11-21,asian-month-2017-hi,Wikipedia Asian Month 2017 Hindi edition
12,2017-11-21,asian-month-2017-id,Wikipedia Asian Month 2017 Indonesian edition
8,2017-11-21,asian-month-2017-ja,Wikipedia Asian Month 2017 Japanese edition
5,2017-11-21,asian-month-2017-ka,Wikipedia Asian Month 2017 Georgian edition
9,2017-11-21,asian-month-2017-ml,Wikipedia Asian Month 2017 Malayalam edition
1,2017-11-21,asian-month-2017-mr,Wikipedia Asian Month 2017 Marathi edition
2,2017-11-21,asian-month-2017-ne,Wikipedia Asian Month 2017 Nepali edition
1,2017-11-21,asian-month-2017-pa,Wikivoyage Asian Month 2017 Punjabi edition
26,2017-11-21,asian-month-2017-pt,Wikipedia Asian Month 2017 Portugese edition
9,2017-11-21,asian-month-2017-ru,Wikipedia Asian Month 2017 Russian edition
2,2017-11-21,asian-month-2017-ru-thai,Wikipedia Asian Month 2017 Russian edition. Russia-Thailand subcontest
1,2017-11-21,asian-month-2017-si,Wikipedia Asian Month 2017 Sinhalese edition
3,2017-11-21,asian-month-2017-ta,Wikipedia Asian Month 2017 Tamil edition
1,2017-11-21,asian-month-2017-te,Wikipedia Asian Month 2017 Telugu edition
6,2017-11-21,asian-month-2017-uk,Wikipedia Asian Month 2017 Ukrainian edition
4,2017-11-21,asian-month-2017-ur,Wikipedia Asian Month 2017 Urdu edition
25,2017-11-21,asian-month-2017-vi,Wikipedia Asian Month 2017 Vietnamese edition
9,2017-11-21,asian-month-2017-zh,Wikipedia Asian Month 2017 Chinese edition
1,2017-11-21,asian-month-2017-zh-classical,Wikipedia Asian Month 2017 Classical Chinese edition
3,2017-11-22,asian-month-2017-az,Wikipedia Asian Month 2017 Azerbaijani edition
5,2017-11-22,asian-month-2017-ba,Wikipedia Asian Month 2017 Bashkir edition
8,2017-11-22,asian-month-2017-bg,Wikipedia Asian Month 2017 Bulgarian edition
21,2017-11-22,asian-month-2017-bn,Wikipedia Asian Month 2017 Bengali edition
3,2017-11-22,asian-month-2017-ca,Wikipedia Asian Month 2017 Catalan edition
14,2017-11-22,asian-month-2017-de,Wikipedia Asian Month 2017 German edition
10,2017-11-22,asian-month-2017-en,Wikipedia Asian Month 2017 English edition
7,2017-11-22,asian-month-2017-es,Wikipedia Asian Month 2017 Spanish edition
14,2017-11-22,asian-month-2017-fr,Wikipedia Asian Month 2017 French edition
1,2017-11-22,asian-month-2017-he,Wikipedia Asian Month 2017 Hebrew edition
3,2017-11-22,asian-month-2017-hi,Wikipedia Asian Month 2017 Hindi edition
19,2017-11-22,asian-month-2017-id,Wikipedia Asian Month 2017 Indonesian edition
3,2017-11-22,asian-month-2017-ja,Wikipedia Asian Month 2017 Japanese edition
6,2017-11-22,asian-month-2017-ka,Wikipedia Asian Month 2017 Georgian edition
2,2017-11-22,asian-month-2017-mai,Wikipedia Asian Month 2017 Maithili edition
1,2017-11-22,asian-month-2017-min,Wikipedia Asian Month 2017 Minangkabau edition
7,2017-11-22,asian-month-2017-ml,Wikipedia Asian Month 2017 Malayalam edition
3,2017-11-22,asian-month-2017-ne,Wikipedia Asian Month 2017 Nepali edition
1,2017-11-22,asian-month-2017-pa,Wikivoyage Asian Month 2017 Punjabi edition
4,2017-11-22,asian-month-2017-pt,Wikipedia Asian Month 2017 Portugese edition
9,2017-11-22,asian-month-2017-ru,Wikipedia Asian Month 2017 Russian edition
1,2017-11-22,asian-month-2017-ru-thai,Wikipedia Asian Month 2017 Russian edition. Russia-Thailand subcontest
1,2017-11-22,asian-month-2017-simple,Wikipedia Asian Month 2017 Simple English edition
3,2017-11-22,asian-month-2017-ta,Wikipedia Asian Month 2017 Tamil edition
1,2017-11-22,asian-month-2017-th,Wikipedia Asian Month 2017 Thai edition
1,2017-11-22,asian-month-2017-th-thai,
6,2017-11-22,asian-month-2017-uk,Wikipedia Asian Month 2017 Ukrainian edition
3,2017-11-22,asian-month-2017-ur,Wikipedia Asian Month 2017 Urdu edition
7,2017-11-22,asian-month-2017-vi,Wikipedia Asian Month 2017 Vietnamese edition
7,2017-11-22,asian-month-2017-zh,Wikipedia Asian Month 2017 Chinese edition
3,2017-11-23,asian-month-2017-az,Wikipedia Asian Month 2017 Azerbaijani edition
4,2017-11-23,asian-month-2017-ba,Wikipedia Asian Month 2017 Bashkir edition
1,2017-11-23,asian-month-2017-bg,Wikipedia Asian Month 2017 Bulgarian edition
11,2017-11-23,asian-month-2017-bn,Wikipedia Asian Month 2017 Bengali edition
1,2017-11-23,asian-month-2017-bs,Wikipedia Asian Month 2017 Bosnian edition
11,2017-11-23,asian-month-2017-de,Wikipedia Asian Month 2017 German edition
16,2017-11-23,asian-month-2017-en,Wikipedia Asian Month 2017 English edition
1,2017-11-23,asian-month-2017-en-wir,Wikipedia Asian Month 2017 English edition. Women in Red
6,2017-11-23,asian-month-2017-es,Wikipedia Asian Month 2017 Spanish edition
21,2017-11-23,asian-month-2017-fr,Wikipedia Asian Month 2017 French edition
2,2017-11-23,asian-month-2017-he,Wikipedia Asian Month 2017 Hebrew edition
12,2017-11-23,asian-month-2017-hi,Wikipedia Asian Month 2017 Hindi edition
14,2017-11-23,asian-month-2017-id,Wikipedia Asian Month 2017 Indonesian edition
7,2017-11-23,asian-month-2017-ja,Wikipedia Asian Month 2017 Japanese edition
4,2017-11-23,asian-month-2017-ka,Wikipedia Asian Month 2017 Georgian edition
3,2017-11-23,asian-month-2017-mai,Wikipedia Asian Month 2017 Maithili edition
1,2017-11-23,asian-month-2017-min,Wikipedia Asian Month 2017 Minangkabau edition
5,2017-11-23,asian-month-2017-ml,Wikipedia Asian Month 2017 Malayalam edition
1,2017-11-23,asian-month-2017-mr,Wikipedia Asian Month 2017 Marathi edition
3,2017-11-23,asian-month-2017-ne,Wikipedia Asian Month 2017 Nepali edition
1,2017-11-23,asian-month-2017-pa,Wikivoyage Asian Month 2017 Punjabi edition
9,2017-11-23,asian-month-2017-pt,Wikipedia Asian Month 2017 Portugese edition
12,2017-11-23,asian-month-2017-ru,Wikipedia Asian Month 2017 Russian edition
5,2017-11-23,asian-month-2017-si,Wikipedia Asian Month 2017 Sinhalese edition
2,2017-11-23,asian-month-2017-ta,Wikipedia Asian Month 2017 Tamil edition
3,2017-11-23,asian-month-2017-th,Wikipedia Asian Month 2017 Thai edition
2,2017-11-23,asian-month-2017-th-thai,
3,2017-11-23,asian-month-2017-uk,Wikipedia Asian Month 2017 Ukrainian edition
3,2017-11-23,asian-month-2017-ur,Wikipedia Asian Month 2017 Urdu edition
51,2017-11-23,asian-month-2017-vi,Wikipedia Asian Month 2017 Vietnamese edition
12,2017-11-23,asian-month-2017-zh,Wikipedia Asian Month 2017 Chinese edition
5,2017-11-24,asian-month-2017-az,Wikipedia Asian Month 2017 Azerbaijani edition
7,2017-11-24,asian-month-2017-ba,Wikipedia Asian Month 2017 Bashkir edition
7,2017-11-24,asian-month-2017-bn,Wikipedia Asian Month 2017 Bengali edition
13,2017-11-24,asian-month-2017-ca,Wikipedia Asian Month 2017 Catalan edition
1,2017-11-24,asian-month-2017-da,Wikipedia Asian Month 2017 Danish edition
12,2017-11-24,asian-month-2017-de,Wikipedia Asian Month 2017 German edition
7,2017-11-24,asian-month-2017-en,Wikipedia Asian Month 2017 English edition
1,2017-11-24,asian-month-2017-en-wir,Wikipedia Asian Month 2017 English edition. Women in Red
6,2017-11-24,asian-month-2017-es,Wikipedia Asian Month 2017 Spanish edition
14,2017-11-24,asian-month-2017-fr,Wikipedia Asian Month 2017 French edition
2,2017-11-24,asian-month-2017-he,Wikipedia Asian Month 2017 Hebrew edition
2,2017-11-24,asian-month-2017-hi,Wikipedia Asian Month 2017 Hindi edition
25,2017-11-24,asian-month-2017-id,Wikipedia Asian Month 2017 Indonesian edition
4,2017-11-24,asian-month-2017-ja,Wikipedia Asian Month 2017 Japanese edition
3,2017-11-24,asian-month-2017-ka,Wikipedia Asian Month 2017 Georgian edition
8,2017-11-24,asian-month-2017-ml,Wikipedia Asian Month 2017 Malayalam edition
3,2017-11-24,asian-month-2017-mr,Wikipedia Asian Month 2017 Marathi edition
5,2017-11-24,asian-month-2017-ne,Wikipedia Asian Month 2017 Nepali edition
1,2017-11-24,asian-month-2017-or,Wikipedia Asian Month 2017 Odia edition
2,2017-11-24,asian-month-2017-pa,Wikivoyage Asian Month 2017 Punjabi edition
6,2017-11-24,asian-month-2017-pt,Wikipedia Asian Month 2017 Portugese edition
30,2017-11-24,asian-month-2017-ru,Wikipedia Asian Month 2017 Russian edition
1,2017-11-24,asian-month-2017-ru-thai,Wikipedia Asian Month 2017 Russian edition. Russia-Thailand subcontest
3,2017-11-24,asian-month-2017-ta,Wikipedia Asian Month 2017 Tamil edition
3,2017-11-24,asian-month-2017-th,Wikipedia Asian Month 2017 Thai edition
1,2017-11-24,asian-month-2017-th-thai,
4,2017-11-24,asian-month-2017-uk,Wikipedia Asian Month 2017 Ukrainian edition
29,2017-11-24,asian-month-2017-vi,Wikipedia Asian Month 2017 Vietnamese edition
12,2017-11-24,asian-month-2017-zh,Wikipedia Asian Month 2017 Chinese edition
6,2017-11-24,asian-month-2017-zh-thai,Wikipedia Asian Month 2017 Chinese edition. Russia-Thailand subcontest
10,2017-11-25,asian-month-2017-az,Wikipedia Asian Month 2017 Azerbaijani edition
8,2017-11-25,asian-month-2017-ba,Wikipedia Asian Month 2017 Bashkir edition
1,2017-11-25,asian-month-2017-be,Wikipedia Asian Month 2017 Belarusian edition
4,2017-11-25,asian-month-2017-bg,Wikipedia Asian Month 2017 Bulgarian edition
9,2017-11-25,asian-month-2017-bn,Wikipedia Asian Month 2017 Bengali edition
7,2017-11-25,asian-month-2017-ca,Wikipedia Asian Month 2017 Catalan edition
6,2017-11-25,asian-month-2017-da,Wikipedia Asian Month 2017 Danish edition
21,2017-11-25,asian-month-2017-de,Wikipedia Asian Month 2017 German edition
6,2017-11-25,asian-month-2017-en,Wikipedia Asian Month 2017 English edition
13,2017-11-25,asian-month-2017-es,Wikipedia Asian Month 2017 Spanish edition
20,2017-11-25,asian-month-2017-fr,Wikipedia Asian Month 2017 French edition
3,2017-11-25,asian-month-2017-hi,Wikipedia Asian Month 2017 Hindi edition
3,2017-11-25,asian-month-2017-hr,Wikipedia Asian Month 2017 Croatian edition
31,2017-11-25,asian-month-2017-id,Wikipedia Asian Month 2017 Indonesian edition
11,2017-11-25,asian-month-2017-ja,Wikipedia Asian Month 2017 Japanese edition
7,2017-11-25,asian-month-2017-ka,Wikipedia Asian Month 2017 Georgian edition
1,2017-11-25,asian-month-2017-lv,Wikipedia Asian Month 2017 Latvian edition
9,2017-11-25,asian-month-2017-ml,Wikipedia Asian Month 2017 Malayalam edition
5,2017-11-25,asian-month-2017-mr,Wikipedia Asian Month 2017 Marathi edition
1,2017-11-25,asian-month-2017-ne,Wikipedia Asian Month 2017 Nepali edition
5,2017-11-25,asian-month-2017-pt,Wikipedia Asian Month 2017 Portugese edition
24,2017-11-25,asian-month-2017-ru,Wikipedia Asian Month 2017 Russian edition
2,2017-11-25,asian-month-2017-ru-thai,Wikipedia Asian Month 2017 Russian edition. Russia-Thailand subcontest
47,2017-11-25,asian-month-2017-si,Wikipedia Asian Month 2017 Sinhalese edition
4,2017-11-25,asian-month-2017-ta,Wikipedia Asian Month 2017 Tamil edition
2,2017-11-25,asian-month-2017-th,Wikipedia Asian Month 2017 Thai edition
1,2017-11-25,asian-month-2017-th-thai,
2,2017-11-25,asian-month-2017-uk,Wikipedia Asian Month 2017 Ukrainian edition
29,2017-11-25,asian-month-2017-vi,Wikipedia Asian Month 2017 Vietnamese edition
17,2017-11-25,asian-month-2017-zh,Wikipedia Asian Month 2017 Chinese edition
6,2017-11-25,asian-month-2017-zh-thai,Wikipedia Asian Month 2017 Chinese edition. Russia-Thailand subcontest
28,2017-11-26,asian-month-2017-az,Wikipedia Asian Month 2017 Azerbaijani edition
5,2017-11-26,asian-month-2017-ba,Wikipedia Asian Month 2017 Bashkir edition
6,2017-11-26,asian-month-2017-bg,Wikipedia Asian Month 2017 Bulgarian edition
5,2017-11-26,asian-month-2017-bn,Wikipedia Asian Month 2017 Bengali edition
4,2017-11-26,asian-month-2017-ca,Wikipedia Asian Month 2017 Catalan edition
6,2017-11-26,asian-month-2017-da,Wikipedia Asian Month 2017 Danish edition
13,2017-11-26,asian-month-2017-de,Wikipedia Asian Month 2017 German edition
24,2017-11-26,asian-month-2017-en,Wikipedia Asian Month 2017 English edition
1,2017-11-26,asian-month-2017-en-thai,
19,2017-11-26,asian-month-2017-es,Wikipedia Asian Month 2017 Spanish edition
10,2017-11-26,asian-month-2017-fr,Wikipedia Asian Month 2017 French edition
1,2017-11-26,asian-month-2017-he,Wikipedia Asian Month 2017 Hebrew edition
3,2017-11-26,asian-month-2017-hi,Wikipedia Asian Month 2017 Hindi edition
16,2017-11-26,asian-month-2017-id,Wikipedia Asian Month 2017 Indonesian edition
10,2017-11-26,asian-month-2017-ja,Wikipedia Asian Month 2017 Japanese edition
21,2017-11-26,asian-month-2017-ka,Wikipedia Asian Month 2017 Georgian edition
1,2017-11-26,asian-month-2017-kn,Wikipedia Asian Month 2017 Kannada edition
11,2017-11-26,asian-month-2017-ml,Wikipedia Asian Month 2017 Malayalam edition
3,2017-11-26,asian-month-2017-mr,Wikipedia Asian Month 2017 Marathi edition
2,2017-11-26,asian-month-2017-ne,Wikipedia Asian Month 2017 Nepali edition
8,2017-11-26,asian-month-2017-pt,Wikipedia Asian Month 2017 Portugese edition
19,2017-11-26,asian-month-2017-ru,Wikipedia Asian Month 2017 Russian edition
10,2017-11-26,asian-month-2017-ru-thai,Wikipedia Asian Month 2017 Russian edition. Russia-Thailand subcontest
4,2017-11-26,asian-month-2017-sd,Wikipedia Asian Month 2017 Sindhi edition
2,2017-11-26,asian-month-2017-si,Wikipedia Asian Month 2017 Sinhalese edition
2,2017-11-26,asian-month-2017-ta,Wikipedia Asian Month 2017 Tamil edition
2,2017-11-26,asian-month-2017-th,Wikipedia Asian Month 2017 Thai edition
2,2017-11-26,asian-month-2017-th-thai,
2,2017-11-26,asian-month-2017-tt,Wikipedia Asian Month 2017 Tatar edition
5,2017-11-26,asian-month-2017-uk,Wikipedia Asian Month 2017 Ukrainian edition
1,2017-11-26,asian-month-2017-ur,Wikipedia Asian Month 2017 Urdu edition
22,2017-11-26,asian-month-2017-vi,Wikipedia Asian Month 2017 Vietnamese edition
27,2017-11-26,asian-month-2017-zh,Wikipedia Asian Month 2017 Chinese edition
3,2017-11-26,asian-month-2017-zh-classical,Wikipedia Asian Month 2017 Classical Chinese edition
18,2017-11-26,asian-month-2017-zh-thai,Wikipedia Asian Month 2017 Chinese edition. Russia-Thailand subcontest
24,2017-11-27,asian-month-2017-az,Wikipedia Asian Month 2017 Azerbaijani edition
4,2017-11-27,asian-month-2017-ba,Wikipedia Asian Month 2017 Bashkir edition
1,2017-11-27,asian-month-2017-be,Wikipedia Asian Month 2017 Belarusian edition
5,2017-11-27,asian-month-2017-bg,Wikipedia Asian Month 2017 Bulgarian edition
31,2017-11-27,asian-month-2017-bn,Wikipedia Asian Month 2017 Bengali edition
8,2017-11-27,asian-month-2017-ca,Wikipedia Asian Month 2017 Catalan edition
1,2017-11-27,asian-month-2017-da,Wikipedia Asian Month 2017 Danish edition
15,2017-11-27,asian-month-2017-de,Wikipedia Asian Month 2017 German edition
29,2017-11-27,asian-month-2017-en,Wikipedia Asian Month 2017 English edition
4,2017-11-27,asian-month-2017-en-wir,Wikipedia Asian Month 2017 English edition. Women in Red
7,2017-11-27,asian-month-2017-es,Wikipedia Asian Month 2017 Spanish edition
1,2017-11-27,asian-month-2017-fo,Wikipedia Asian Month 2017 Faroese edition
25,2017-11-27,asian-month-2017-fr,Wikipedia Asian Month 2017 French edition
3,2017-11-27,asian-month-2017-he,Wikipedia Asian Month 2017 Hebrew edition
5,2017-11-27,asian-month-2017-hi,Wikipedia Asian Month 2017 Hindi edition
13,2017-11-27,asian-month-2017-id,Wikipedia Asian Month 2017 Indonesian edition
8,2017-11-27,asian-month-2017-ja,Wikipedia Asian Month 2017 Japanese edition
5,2017-11-27,asian-month-2017-ka,Wikipedia Asian Month 2017 Georgian edition
1,2017-11-27,asian-month-2017-lv,Wikipedia Asian Month 2017 Latvian edition
9,2017-11-27,asian-month-2017-ml,Wikipedia Asian Month 2017 Malayalam edition
3,2017-11-27,asian-month-2017-mr,Wikipedia Asian Month 2017 Marathi edition
8,2017-11-27,asian-month-2017-pt,Wikipedia Asian Month 2017 Portugese edition
18,2017-11-27,asian-month-2017-ru,Wikipedia Asian Month 2017 Russian edition
11,2017-11-27,asian-month-2017-ru-thai,Wikipedia Asian Month 2017 Russian edition. Russia-Thailand subcontest
3,2017-11-27,asian-month-2017-si,Wikipedia Asian Month 2017 Sinhalese edition
6,2017-11-27,asian-month-2017-ta,Wikipedia Asian Month 2017 Tamil edition
6,2017-11-27,asian-month-2017-th,Wikipedia Asian Month 2017 Thai edition
10,2017-11-27,asian-month-2017-th-thai,
7,2017-11-27,asian-month-2017-uk,Wikipedia Asian Month 2017 Ukrainian edition
4,2017-11-27,asian-month-2017-ur,Wikipedia Asian Month 2017 Urdu edition
25,2017-11-27,asian-month-2017-vi,Wikipedia Asian Month 2017 Vietnamese edition
9,2017-11-27,asian-month-2017-zh,Wikipedia Asian Month 2017 Chinese edition
3,2017-11-27,asian-month-2017-zh-thai,Wikipedia Asian Month 2017 Chinese edition. Russia-Thailand subcontest
33,2017-11-28,asian-month-2017-az,Wikipedia Asian Month 2017 Azerbaijani edition
2,2017-11-28,asian-month-2017-ba,Wikipedia Asian Month 2017 Bashkir edition
1,2017-11-28,asian-month-2017-be,Wikipedia Asian Month 2017 Belarusian edition
4,2017-11-28,asian-month-2017-bg,Wikipedia Asian Month 2017 Bulgarian edition
26,2017-11-28,asian-month-2017-bn,Wikipedia Asian Month 2017 Bengali edition
10,2017-11-28,asian-month-2017-ca,Wikipedia Asian Month 2017 Catalan edition
1,2017-11-28,asian-month-2017-da,Wikipedia Asian Month 2017 Danish edition
18,2017-11-28,asian-month-2017-de,Wikipedia Asian Month 2017 German edition
24,2017-11-28,asian-month-2017-en,Wikipedia Asian Month 2017 English edition
40,2017-11-28,asian-month-2017-es,Wikipedia Asian Month 2017 Spanish edition
1,2017-11-28,asian-month-2017-fo,Wikipedia Asian Month 2017 Faroese edition
21,2017-11-28,asian-month-2017-fr,Wikipedia Asian Month 2017 French edition
2,2017-11-28,asian-month-2017-he,Wikipedia Asian Month 2017 Hebrew edition
10,2017-11-28,asian-month-2017-hi,Wikipedia Asian Month 2017 Hindi edition
15,2017-11-28,asian-month-2017-id,Wikipedia Asian Month 2017 Indonesian edition
6,2017-11-28,asian-month-2017-ja,Wikipedia Asian Month 2017 Japanese edition
1,2017-11-28,asian-month-2017-jv,Wikipedia Asian Month 2017 Java edition
2,2017-11-28,asian-month-2017-ka,Wikipedia Asian Month 2017 Georgian edition
1,2017-11-28,asian-month-2017-min,Wikipedia Asian Month 2017 Minangkabau edition
9,2017-11-28,asian-month-2017-ml,Wikipedia Asian Month 2017 Malayalam edition
2,2017-11-28,asian-month-2017-mr,Wikipedia Asian Month 2017 Marathi edition
1,2017-11-28,asian-month-2017-ne,Wikipedia Asian Month 2017 Nepali edition
3,2017-11-28,asian-month-2017-or,Wikipedia Asian Month 2017 Odia edition
1,2017-11-28,asian-month-2017-pa,Wikivoyage Asian Month 2017 Punjabi edition
8,2017-11-28,asian-month-2017-pt,Wikipedia Asian Month 2017 Portugese edition
12,2017-11-28,asian-month-2017-ru,Wikipedia Asian Month 2017 Russian edition
7,2017-11-28,asian-month-2017-ru-thai,Wikipedia Asian Month 2017 Russian edition. Russia-Thailand subcontest
5,2017-11-28,asian-month-2017-si,Wikipedia Asian Month 2017 Sinhalese edition
5,2017-11-28,asian-month-2017-ta,Wikipedia Asian Month 2017 Tamil edition
4,2017-11-28,asian-month-2017-th,Wikipedia Asian Month 2017 Thai edition
7,2017-11-28,asian-month-2017-th-thai,
4,2017-11-28,asian-month-2017-tt,Wikipedia Asian Month 2017 Tatar edition
9,2017-11-28,asian-month-2017-uk,Wikipedia Asian Month 2017 Ukrainian edition
4,2017-11-28,asian-month-2017-ur,Wikipedia Asian Month 2017 Urdu edition
10,2017-11-28,asian-month-2017-vi,Wikipedia Asian Month 2017 Vietnamese edition
11,2017-11-28,asian-month-2017-zh,Wikipedia Asian Month 2017 Chinese edition
20,2017-11-28,asian-month-2017-zh-thai,Wikipedia Asian Month 2017 Chinese edition. Russia-Thailand subcontest
107,2017-11-29,asian-month-2017-az,Wikipedia Asian Month 2017 Azerbaijani edition
8,2017-11-29,asian-month-2017-ba,Wikipedia Asian Month 2017 Bashkir edition
1,2017-11-29,asian-month-2017-be,Wikipedia Asian Month 2017 Belarusian edition
15,2017-11-29,asian-month-2017-bg,Wikipedia Asian Month 2017 Bulgarian edition
85,2017-11-29,asian-month-2017-bn,Wikipedia Asian Month 2017 Bengali edition
11,2017-11-29,asian-month-2017-ca,Wikipedia Asian Month 2017 Catalan edition
1,2017-11-29,asian-month-2017-da,Wikipedia Asian Month 2017 Danish edition
16,2017-11-29,asian-month-2017-de,Wikipedia Asian Month 2017 German edition
21,2017-11-29,asian-month-2017-en,Wikipedia Asian Month 2017 English edition
8,2017-11-29,asian-month-2017-es,Wikipedia Asian Month 2017 Spanish edition
25,2017-11-29,asian-month-2017-fr,Wikipedia Asian Month 2017 French edition
2,2017-11-29,asian-month-2017-he,Wikipedia Asian Month 2017 Hebrew edition
4,2017-11-29,asian-month-2017-hi,Wikipedia Asian Month 2017 Hindi edition
24,2017-11-29,asian-month-2017-id,Wikipedia Asian Month 2017 Indonesian edition
12,2017-11-29,asian-month-2017-ja,Wikipedia Asian Month 2017 Japanese edition
5,2017-11-29,asian-month-2017-jv,Wikipedia Asian Month 2017 Java edition
4,2017-11-29,asian-month-2017-ka,Wikipedia Asian Month 2017 Georgian edition
1,2017-11-29,asian-month-2017-kn,Wikipedia Asian Month 2017 Kannada edition
1,2017-11-29,asian-month-2017-min,Wikipedia Asian Month 2017 Minangkabau edition
8,2017-11-29,asian-month-2017-ml,Wikipedia Asian Month 2017 Malayalam edition
2,2017-11-29,asian-month-2017-mr,Wikipedia Asian Month 2017 Marathi edition
3,2017-11-29,asian-month-2017-ne,Wikipedia Asian Month 2017 Nepali edition
3,2017-11-29,asian-month-2017-or,Wikipedia Asian Month 2017 Odia edition
15,2017-11-29,asian-month-2017-pt,Wikipedia Asian Month 2017 Portugese edition
20,2017-11-29,asian-month-2017-ru,Wikipedia Asian Month 2017 Russian edition
8,2017-11-29,asian-month-2017-ru-thai,Wikipedia Asian Month 2017 Russian edition. Russia-Thailand subcontest
3,2017-11-29,asian-month-2017-si,Wikipedia Asian Month 2017 Sinhalese edition
1,2017-11-29,asian-month-2017-simple,Wikipedia Asian Month 2017 Simple English edition
7,2017-11-29,asian-month-2017-ta,Wikipedia Asian Month 2017 Tamil edition
1,2017-11-29,asian-month-2017-te,Wikipedia Asian Month 2017 Telugu edition
3,2017-11-29,asian-month-2017-th,Wikipedia Asian Month 2017 Thai edition
3,2017-11-29,asian-month-2017-th-thai,
2,2017-11-29,asian-month-2017-tt,Wikipedia Asian Month 2017 Tatar edition
3,2017-11-29,asian-month-2017-uk,Wikipedia Asian Month 2017 Ukrainian edition
3,2017-11-29,asian-month-2017-ur,Wikipedia Asian Month 2017 Urdu edition
32,2017-11-29,asian-month-2017-vi,Wikipedia Asian Month 2017 Vietnamese edition
8,2017-11-29,asian-month-2017-zh,Wikipedia Asian Month 2017 Chinese edition
1,2017-11-29,asian-month-2017-zh-classical,Wikipedia Asian Month 2017 Classical Chinese edition
3,2017-11-29,asian-month-2017-zh-thai,Wikipedia Asian Month 2017 Chinese edition. Russia-Thailand subcontest
65,2017-11-30,asian-month-2017-az,Wikipedia Asian Month 2017 Azerbaijani edition
5,2017-11-30,asian-month-2017-ba,Wikipedia Asian Month 2017 Bashkir edition
6,2017-11-30,asian-month-2017-bg,Wikipedia Asian Month 2017 Bulgarian edition
25,2017-11-30,asian-month-2017-bn,Wikipedia Asian Month 2017 Bengali edition
10,2017-11-30,asian-month-2017-ca,Wikipedia Asian Month 2017 Catalan edition
36,2017-11-30,asian-month-2017-de,Wikipedia Asian Month 2017 German edition
31,2017-11-30,asian-month-2017-en,Wikipedia Asian Month 2017 English edition
10,2017-11-30,asian-month-2017-es,Wikipedia Asian Month 2017 Spanish edition
1,2017-11-30,asian-month-2017-fo,Wikipedia Asian Month 2017 Faroese edition
55,2017-11-30,asian-month-2017-fr,Wikipedia Asian Month 2017 French edition
2,2017-11-30,asian-month-2017-he,Wikipedia Asian Month 2017 Hebrew edition
3,2017-11-30,asian-month-2017-hi,Wikipedia Asian Month 2017 Hindi edition
58,2017-11-30,asian-month-2017-id,Wikipedia Asian Month 2017 Indonesian edition
15,2017-11-30,asian-month-2017-ja,Wikipedia Asian Month 2017 Japanese edition
3,2017-11-30,asian-month-2017-ka,Wikipedia Asian Month 2017 Georgian edition
1,2017-11-30,asian-month-2017-kn,Wikipedia Asian Month 2017 Kannada edition
2,2017-11-30,asian-month-2017-lv,Wikipedia Asian Month 2017 Latvian edition
1,2017-11-30,asian-month-2017-min,Wikipedia Asian Month 2017 Minangkabau edition
10,2017-11-30,asian-month-2017-ml,Wikipedia Asian Month 2017 Malayalam edition
2,2017-11-30,asian-month-2017-mr,Wikipedia Asian Month 2017 Marathi edition
1,2017-11-30,asian-month-2017-ne,Wikipedia Asian Month 2017 Nepali edition
7,2017-11-30,asian-month-2017-or,Wikipedia Asian Month 2017 Odia edition
7,2017-11-30,asian-month-2017-pa,Wikivoyage Asian Month 2017 Punjabi edition
60,2017-11-30,asian-month-2017-pt,Wikipedia Asian Month 2017 Portugese edition
64,2017-11-30,asian-month-2017-ru,Wikipedia Asian Month 2017 Russian edition
9,2017-11-30,asian-month-2017-ru-thai,Wikipedia Asian Month 2017 Russian edition. Russia-Thailand subcontest
1,2017-11-30,asian-month-2017-sah,Wikivoyage Asian Month 2017 Saha edition
3,2017-11-30,asian-month-2017-sd,Wikipedia Asian Month 2017 Sindhi edition
7,2017-11-30,asian-month-2017-si,Wikipedia Asian Month 2017 Sinhalese edition
3,2017-11-30,asian-month-2017-simple,Wikipedia Asian Month 2017 Simple English edition
6,2017-11-30,asian-month-2017-ta,Wikipedia Asian Month 2017 Tamil edition
1,2017-11-30,asian-month-2017-te,Wikipedia Asian Month 2017 Telugu edition
9,2017-11-30,asian-month-2017-th,Wikipedia Asian Month 2017 Thai edition
4,2017-11-30,asian-month-2017-th-thai,
1,2017-11-30,asian-month-2017-tt,Wikipedia Asian Month 2017 Tatar edition
11,2017-11-30,asian-month-2017-uk,Wikipedia Asian Month 2017 Ukrainian edition
1,2017-11-30,asian-month-2017-ur,Wikipedia Asian Month 2017 Urdu edition
98,2017-11-30,asian-month-2017-vi,Wikipedia Asian Month 2017 Vietnamese edition
13,2017-11-30,asian-month-2017-zh,Wikipedia Asian Month 2017 Chinese edition
1,2017-11-30,asian-month-2017-zh-thai,Wikipedia Asian Month 2017 Chinese edition. Russia-Thailand subcontest
