"count","week_added","code","description"
30,1,asian-month-2017-az,Wikipedia Asian Month 2017 Azerbaijani edition
23,1,asian-month-2017-ba,Wikipedia Asian Month 2017 Bashkir edition
1,1,asian-month-2017-be,Wikipedia Asian Month 2017 Belarusian edition
10,1,asian-month-2017-bg,Wikipedia Asian Month 2017 Bulgarian edition
99,1,asian-month-2017-bn,Wikipedia Asian Month 2017 Bengali edition
12,1,asian-month-2017-ca,Wikipedia Asian Month 2017 Catalan edition
3,1,asian-month-2017-da,Wikipedia Asian Month 2017 Danish edition
52,1,asian-month-2017-de,Wikipedia Asian Month 2017 German edition
172,1,asian-month-2017-en,Wikipedia Asian Month 2017 English edition
6,1,asian-month-2017-es,Wikipedia Asian Month 2017 Spanish edition
33,1,asian-month-2017-fr,Wikipedia Asian Month 2017 French edition
7,1,asian-month-2017-he,Wikipedia Asian Month 2017 Hebrew edition
9,1,asian-month-2017-hi,Wikipedia Asian Month 2017 Hindi edition
64,1,asian-month-2017-id,Wikipedia Asian Month 2017 Indonesian edition
20,1,asian-month-2017-ja,Wikipedia Asian Month 2017 Japanese edition
7,1,asian-month-2017-jv,Wikipedia Asian Month 2017 Java edition
10,1,asian-month-2017-ka,Wikipedia Asian Month 2017 Georgian edition
1,1,asian-month-2017-kn,Wikipedia Asian Month 2017 Kannada edition
73,1,asian-month-2017-mai,Wikipedia Asian Month 2017 Maithili edition
9,1,asian-month-2017-min,Wikipedia Asian Month 2017 Minangkabau edition
35,1,asian-month-2017-ml,Wikipedia Asian Month 2017 Malayalam edition
5,1,asian-month-2017-mr,Wikipedia Asian Month 2017 Marathi edition
9,1,asian-month-2017-ne,Wikipedia Asian Month 2017 Nepali edition
18,1,asian-month-2017-or,Wikipedia Asian Month 2017 Odia edition
16,1,asian-month-2017-pa,Wikivoyage Asian Month 2017 Punjabi edition
60,1,asian-month-2017-pt,Wikipedia Asian Month 2017 Portugese edition
53,1,asian-month-2017-ru,Wikipedia Asian Month 2017 Russian edition
16,1,asian-month-2017-ru-thai,Wikipedia Asian Month 2017 Russian edition. Russia-Thailand subcontest
1,1,asian-month-2017-sah,Wikivoyage Asian Month 2017 Saha edition
104,1,asian-month-2017-si,Wikipedia Asian Month 2017 Sinhalese edition
15,1,asian-month-2017-sq,Wikipedia Asian Month 2017 Albanian edition
28,1,asian-month-2017-sv,Wikipedia Asian Month 2017 Swedish edition
2,1,asian-month-2017-te,Wikipedia Asian Month 2017 Telugu edition
10,1,asian-month-2017-th,Wikipedia Asian Month 2017 Thai edition
32,1,asian-month-2017-uk,Wikipedia Asian Month 2017 Ukrainian edition
183,1,asian-month-2017-vi,Wikipedia Asian Month 2017 Vietnamese edition
43,1,asian-month-2017-zh,Wikipedia Asian Month 2017 Chinese edition
36,2,asian-month-2017-az,Wikipedia Asian Month 2017 Azerbaijani edition
31,2,asian-month-2017-ba,Wikipedia Asian Month 2017 Bashkir edition
1,2,asian-month-2017-be,Wikipedia Asian Month 2017 Belarusian edition
8,2,asian-month-2017-bg,Wikipedia Asian Month 2017 Bulgarian edition
153,2,asian-month-2017-bn,Wikipedia Asian Month 2017 Bengali edition
3,2,asian-month-2017-bs,Wikipedia Asian Month 2017 Bosnian edition
46,2,asian-month-2017-ca,Wikipedia Asian Month 2017 Catalan edition
30,2,asian-month-2017-da,Wikipedia Asian Month 2017 Danish edition
65,2,asian-month-2017-de,Wikipedia Asian Month 2017 German edition
138,2,asian-month-2017-en,Wikipedia Asian Month 2017 English edition
164,2,asian-month-2017-es,Wikipedia Asian Month 2017 Spanish edition
1,2,asian-month-2017-fo,Wikipedia Asian Month 2017 Faroese edition
101,2,asian-month-2017-fr,Wikipedia Asian Month 2017 French edition
9,2,asian-month-2017-he,Wikipedia Asian Month 2017 Hebrew edition
14,2,asian-month-2017-hi,Wikipedia Asian Month 2017 Hindi edition
64,2,asian-month-2017-id,Wikipedia Asian Month 2017 Indonesian edition
35,2,asian-month-2017-ja,Wikipedia Asian Month 2017 Japanese edition
7,2,asian-month-2017-jv,Wikipedia Asian Month 2017 Java edition
8,2,asian-month-2017-ka,Wikipedia Asian Month 2017 Georgian edition
1,2,asian-month-2017-kn,Wikipedia Asian Month 2017 Kannada edition
6,2,asian-month-2017-lv,Wikipedia Asian Month 2017 Latvian edition
5,2,asian-month-2017-mai,Wikipedia Asian Month 2017 Maithili edition
4,2,asian-month-2017-min,Wikipedia Asian Month 2017 Minangkabau edition
42,2,asian-month-2017-ml,Wikipedia Asian Month 2017 Malayalam edition
1,2,asian-month-2017-mr,Wikipedia Asian Month 2017 Marathi edition
9,2,asian-month-2017-ne,Wikipedia Asian Month 2017 Nepali edition
10,2,asian-month-2017-or,Wikipedia Asian Month 2017 Odia edition
14,2,asian-month-2017-pa,Wikivoyage Asian Month 2017 Punjabi edition
87,2,asian-month-2017-pt,Wikipedia Asian Month 2017 Portugese edition
64,2,asian-month-2017-ru,Wikipedia Asian Month 2017 Russian edition
23,2,asian-month-2017-ru-thai,Wikipedia Asian Month 2017 Russian edition. Russia-Thailand subcontest
1,2,asian-month-2017-sah,Wikivoyage Asian Month 2017 Saha edition
1,2,asian-month-2017-sd,Wikipedia Asian Month 2017 Sindhi edition
36,2,asian-month-2017-si,Wikipedia Asian Month 2017 Sinhalese edition
1,2,asian-month-2017-simple,Wikipedia Asian Month 2017 Simple English edition
4,2,asian-month-2017-sq,Wikipedia Asian Month 2017 Albanian edition
11,2,asian-month-2017-sv,Wikipedia Asian Month 2017 Swedish edition
10,2,asian-month-2017-ta,Wikipedia Asian Month 2017 Tamil edition
17,2,asian-month-2017-th,Wikipedia Asian Month 2017 Thai edition
24,2,asian-month-2017-uk,Wikipedia Asian Month 2017 Ukrainian edition
16,2,asian-month-2017-ur,Wikipedia Asian Month 2017 Urdu edition
139,2,asian-month-2017-vi,Wikipedia Asian Month 2017 Vietnamese edition
137,2,asian-month-2017-zh,Wikipedia Asian Month 2017 Chinese edition
3,2,asian-month-2017-zh-classical,Wikipedia Asian Month 2017 Classical Chinese edition
2,2,asian-month-2017-zh-thai,Wikipedia Asian Month 2017 Chinese edition. Russia-Thailand subcontest
41,3,asian-month-2017-az,Wikipedia Asian Month 2017 Azerbaijani edition
30,3,asian-month-2017-ba,Wikipedia Asian Month 2017 Bashkir edition
1,3,asian-month-2017-be,Wikipedia Asian Month 2017 Belarusian edition
11,3,asian-month-2017-bg,Wikipedia Asian Month 2017 Bulgarian edition
189,3,asian-month-2017-bn,Wikipedia Asian Month 2017 Bengali edition
1,3,asian-month-2017-bs,Wikipedia Asian Month 2017 Bosnian edition
22,3,asian-month-2017-ca,Wikipedia Asian Month 2017 Catalan edition
15,3,asian-month-2017-da,Wikipedia Asian Month 2017 Danish edition
105,3,asian-month-2017-de,Wikipedia Asian Month 2017 German edition
106,3,asian-month-2017-en,Wikipedia Asian Month 2017 English edition
4,3,asian-month-2017-en-thai,
1,3,asian-month-2017-en-wir,Wikipedia Asian Month 2017 English edition. Women in Red
67,3,asian-month-2017-es,Wikipedia Asian Month 2017 Spanish edition
75,3,asian-month-2017-fr,Wikipedia Asian Month 2017 French edition
8,3,asian-month-2017-he,Wikipedia Asian Month 2017 Hebrew edition
28,3,asian-month-2017-hi,Wikipedia Asian Month 2017 Hindi edition
6,3,asian-month-2017-hr,Wikipedia Asian Month 2017 Croatian edition
70,3,asian-month-2017-id,Wikipedia Asian Month 2017 Indonesian edition
26,3,asian-month-2017-ja,Wikipedia Asian Month 2017 Japanese edition
2,3,asian-month-2017-jv,Wikipedia Asian Month 2017 Java edition
24,3,asian-month-2017-ka,Wikipedia Asian Month 2017 Georgian edition
3,3,asian-month-2017-lv,Wikipedia Asian Month 2017 Latvian edition
4,3,asian-month-2017-mai,Wikipedia Asian Month 2017 Maithili edition
4,3,asian-month-2017-min,Wikipedia Asian Month 2017 Minangkabau edition
47,3,asian-month-2017-ml,Wikipedia Asian Month 2017 Malayalam edition
7,3,asian-month-2017-mr,Wikipedia Asian Month 2017 Marathi edition
15,3,asian-month-2017-ne,Wikipedia Asian Month 2017 Nepali edition
12,3,asian-month-2017-or,Wikipedia Asian Month 2017 Odia edition
9,3,asian-month-2017-pa,Wikivoyage Asian Month 2017 Punjabi edition
95,3,asian-month-2017-pt,Wikipedia Asian Month 2017 Portugese edition
44,3,asian-month-2017-ru,Wikipedia Asian Month 2017 Russian edition
22,3,asian-month-2017-ru-thai,Wikipedia Asian Month 2017 Russian edition. Russia-Thailand subcontest
1,3,asian-month-2017-sah,Wikivoyage Asian Month 2017 Saha edition
50,3,asian-month-2017-si,Wikipedia Asian Month 2017 Sinhalese edition
2,3,asian-month-2017-simple,Wikipedia Asian Month 2017 Simple English edition
2,3,asian-month-2017-sq,Wikipedia Asian Month 2017 Albanian edition
5,3,asian-month-2017-sv,Wikipedia Asian Month 2017 Swedish edition
36,3,asian-month-2017-ta,Wikipedia Asian Month 2017 Tamil edition
3,3,asian-month-2017-te,Wikipedia Asian Month 2017 Telugu edition
10,3,asian-month-2017-th,Wikipedia Asian Month 2017 Thai edition
60,3,asian-month-2017-uk,Wikipedia Asian Month 2017 Ukrainian edition
10,3,asian-month-2017-ur,Wikipedia Asian Month 2017 Urdu edition
160,3,asian-month-2017-vi,Wikipedia Asian Month 2017 Vietnamese edition
91,3,asian-month-2017-zh,Wikipedia Asian Month 2017 Chinese edition
4,3,asian-month-2017-zh-classical,Wikipedia Asian Month 2017 Classical Chinese edition
2,3,asian-month-2017-zh-thai,Wikipedia Asian Month 2017 Chinese edition. Russia-Thailand subcontest
106,4,asian-month-2017-az,Wikipedia Asian Month 2017 Azerbaijani edition
35,4,asian-month-2017-ba,Wikipedia Asian Month 2017 Bashkir edition
3,4,asian-month-2017-be,Wikipedia Asian Month 2017 Belarusian edition
28,4,asian-month-2017-bg,Wikipedia Asian Month 2017 Bulgarian edition
110,4,asian-month-2017-bn,Wikipedia Asian Month 2017 Bengali edition
1,4,asian-month-2017-bs,Wikipedia Asian Month 2017 Bosnian edition
45,4,asian-month-2017-ca,Wikipedia Asian Month 2017 Catalan edition
15,4,asian-month-2017-da,Wikipedia Asian Month 2017 Danish edition
104,4,asian-month-2017-de,Wikipedia Asian Month 2017 German edition
116,4,asian-month-2017-en,Wikipedia Asian Month 2017 English edition
1,4,asian-month-2017-en-thai,
6,4,asian-month-2017-en-wir,Wikipedia Asian Month 2017 English edition. Women in Red
98,4,asian-month-2017-es,Wikipedia Asian Month 2017 Spanish edition
2,4,asian-month-2017-fo,Wikipedia Asian Month 2017 Faroese edition
125,4,asian-month-2017-fr,Wikipedia Asian Month 2017 French edition
11,4,asian-month-2017-he,Wikipedia Asian Month 2017 Hebrew edition
38,4,asian-month-2017-hi,Wikipedia Asian Month 2017 Hindi edition
3,4,asian-month-2017-hr,Wikipedia Asian Month 2017 Croatian edition
133,4,asian-month-2017-id,Wikipedia Asian Month 2017 Indonesian edition
49,4,asian-month-2017-ja,Wikipedia Asian Month 2017 Japanese edition
1,4,asian-month-2017-jv,Wikipedia Asian Month 2017 Java edition
48,4,asian-month-2017-ka,Wikipedia Asian Month 2017 Georgian edition
1,4,asian-month-2017-kn,Wikipedia Asian Month 2017 Kannada edition
2,4,asian-month-2017-lv,Wikipedia Asian Month 2017 Latvian edition
5,4,asian-month-2017-mai,Wikipedia Asian Month 2017 Maithili edition
3,4,asian-month-2017-min,Wikipedia Asian Month 2017 Minangkabau edition
58,4,asian-month-2017-ml,Wikipedia Asian Month 2017 Malayalam edition
17,4,asian-month-2017-mr,Wikipedia Asian Month 2017 Marathi edition
15,4,asian-month-2017-ne,Wikipedia Asian Month 2017 Nepali edition
4,4,asian-month-2017-or,Wikipedia Asian Month 2017 Odia edition
5,4,asian-month-2017-pa,Wikivoyage Asian Month 2017 Punjabi edition
48,4,asian-month-2017-pt,Wikipedia Asian Month 2017 Portugese edition
124,4,asian-month-2017-ru,Wikipedia Asian Month 2017 Russian edition
32,4,asian-month-2017-ru-thai,Wikipedia Asian Month 2017 Russian edition. Russia-Thailand subcontest
4,4,asian-month-2017-sd,Wikipedia Asian Month 2017 Sindhi edition
62,4,asian-month-2017-si,Wikipedia Asian Month 2017 Sinhalese edition
1,4,asian-month-2017-simple,Wikipedia Asian Month 2017 Simple English edition
25,4,asian-month-2017-ta,Wikipedia Asian Month 2017 Tamil edition
21,4,asian-month-2017-th,Wikipedia Asian Month 2017 Thai edition
24,4,asian-month-2017-th-thai,
6,4,asian-month-2017-tt,Wikipedia Asian Month 2017 Tatar edition
36,4,asian-month-2017-uk,Wikipedia Asian Month 2017 Ukrainian edition
15,4,asian-month-2017-ur,Wikipedia Asian Month 2017 Urdu edition
173,4,asian-month-2017-vi,Wikipedia Asian Month 2017 Vietnamese edition
95,4,asian-month-2017-zh,Wikipedia Asian Month 2017 Chinese edition
3,4,asian-month-2017-zh-classical,Wikipedia Asian Month 2017 Classical Chinese edition
53,4,asian-month-2017-zh-thai,Wikipedia Asian Month 2017 Chinese edition. Russia-Thailand subcontest
172,5,asian-month-2017-az,Wikipedia Asian Month 2017 Azerbaijani edition
13,5,asian-month-2017-ba,Wikipedia Asian Month 2017 Bashkir edition
1,5,asian-month-2017-be,Wikipedia Asian Month 2017 Belarusian edition
21,5,asian-month-2017-bg,Wikipedia Asian Month 2017 Bulgarian edition
110,5,asian-month-2017-bn,Wikipedia Asian Month 2017 Bengali edition
21,5,asian-month-2017-ca,Wikipedia Asian Month 2017 Catalan edition
1,5,asian-month-2017-da,Wikipedia Asian Month 2017 Danish edition
52,5,asian-month-2017-de,Wikipedia Asian Month 2017 German edition
52,5,asian-month-2017-en,Wikipedia Asian Month 2017 English edition
18,5,asian-month-2017-es,Wikipedia Asian Month 2017 Spanish edition
1,5,asian-month-2017-fo,Wikipedia Asian Month 2017 Faroese edition
80,5,asian-month-2017-fr,Wikipedia Asian Month 2017 French edition
4,5,asian-month-2017-he,Wikipedia Asian Month 2017 Hebrew edition
7,5,asian-month-2017-hi,Wikipedia Asian Month 2017 Hindi edition
82,5,asian-month-2017-id,Wikipedia Asian Month 2017 Indonesian edition
27,5,asian-month-2017-ja,Wikipedia Asian Month 2017 Japanese edition
5,5,asian-month-2017-jv,Wikipedia Asian Month 2017 Java edition
7,5,asian-month-2017-ka,Wikipedia Asian Month 2017 Georgian edition
2,5,asian-month-2017-kn,Wikipedia Asian Month 2017 Kannada edition
2,5,asian-month-2017-lv,Wikipedia Asian Month 2017 Latvian edition
2,5,asian-month-2017-min,Wikipedia Asian Month 2017 Minangkabau edition
18,5,asian-month-2017-ml,Wikipedia Asian Month 2017 Malayalam edition
4,5,asian-month-2017-mr,Wikipedia Asian Month 2017 Marathi edition
4,5,asian-month-2017-ne,Wikipedia Asian Month 2017 Nepali edition
10,5,asian-month-2017-or,Wikipedia Asian Month 2017 Odia edition
7,5,asian-month-2017-pa,Wikivoyage Asian Month 2017 Punjabi edition
75,5,asian-month-2017-pt,Wikipedia Asian Month 2017 Portugese edition
84,5,asian-month-2017-ru,Wikipedia Asian Month 2017 Russian edition
17,5,asian-month-2017-ru-thai,Wikipedia Asian Month 2017 Russian edition. Russia-Thailand subcontest
1,5,asian-month-2017-sah,Wikivoyage Asian Month 2017 Saha edition
3,5,asian-month-2017-sd,Wikipedia Asian Month 2017 Sindhi edition
10,5,asian-month-2017-si,Wikipedia Asian Month 2017 Sinhalese edition
4,5,asian-month-2017-simple,Wikipedia Asian Month 2017 Simple English edition
13,5,asian-month-2017-ta,Wikipedia Asian Month 2017 Tamil edition
2,5,asian-month-2017-te,Wikipedia Asian Month 2017 Telugu edition
12,5,asian-month-2017-th,Wikipedia Asian Month 2017 Thai edition
7,5,asian-month-2017-th-thai,
3,5,asian-month-2017-tt,Wikipedia Asian Month 2017 Tatar edition
14,5,asian-month-2017-uk,Wikipedia Asian Month 2017 Ukrainian edition
4,5,asian-month-2017-ur,Wikipedia Asian Month 2017 Urdu edition
130,5,asian-month-2017-vi,Wikipedia Asian Month 2017 Vietnamese edition
21,5,asian-month-2017-zh,Wikipedia Asian Month 2017 Chinese edition
1,5,asian-month-2017-zh-classical,Wikipedia Asian Month 2017 Classical Chinese edition
4,5,asian-month-2017-zh-thai,Wikipedia Asian Month 2017 Chinese edition. Russia-Thailand subcontest
